case,Ek,k_c,ell,Pi_m,P_m_resolved,chi_m_resolved,V_m_resolved,dV_m_dt,closure_residual
Ek1p5e-4,0.00014999999999973672,1.5707963267948966,0.6366197723675814,-7.01584453389097e-13,-3.3879517218205212e-15,6.369137193610928e-13,1.4351111172579408e-11,6.185074422908444e-14,-5.679619229008044e-16
Ek1p5e-4,0.00014999999999973672,1.730574642202341,0.5778427440306148,-1.046579395606717e-12,-6.781322578799789e-15,9.663056991876356e-13,2.1637436020281992e-11,7.409052191123568e-14,-5.981480709537194e-16
Ek1p5e-4,0.00014999999999973672,1.9066052938541225,0.5244924071193268,-1.5375070967995731e-12,-1.2159815618929317e-14,1.4402151560430644e-12,3.194679104687683e-11,8.568130853541831e-14,-5.491833978390735e-16
Ek1p5e-4,0.00014999999999973672,2.1005414374536637,0.4760677329042499,-2.20558742506e-12,-1.974361791241632e-14,2.0901779687563514e-12,4.582073241690267e-11,9.605907468891442e-14,-3.932362976820868e-16
Ek1p5e-4,0.00014999999999973672,2.314204384453731,0.4321139510052612,-3.0724348258735956e-12,-2.917365744805946e-14,2.9387142996415826e-12,6.354954948564562e-11,1.0465466469983353e-13,-1.0779591587994184e-16
Ek1p5e-4,0.00014999999999973672,2.5496007065287944,0.3922182785089789,-4.147108999401961e-12,-3.8974645669567794e-14,3.996928161017519e-12,8.513265060593812e-11,1.1088538890003321e-13,3.208038148410415e-16
Ek1p5e-4,0.00014999999999973672,2.808941079880707,0.3560060434028289,-5.425625536903589e-12,-4.563912737238223e-14,5.264866832828473e-12,1.1030695842474137e-10,1.1422537217306213e-13,8.942045296719682e-16
Ek1p5e-4,0.00014999999999973672,3.0946610463501147,0.3231371659198068,-6.892483374637058e-12,-4.2221146960103723e-14,6.734325109644676e-12,1.3862585889814453e-10,1.1433795481976007e-13,1.5991632125195507e-15
Ek1p5e-4,0.00014999999999973672,3.40944388630733,0.29330296474920753,-8.523324821387687e-12,-1.6428329104433298e-14,8.393286168817221e-12,1.695623562323178e-10,1.1120588559723498e-13,2.404437868796683e-15
Ek1p5e-4,0.00014999999999973672,3.7562458181287086,0.26622325811950753,-1.0287763562070469e-11,5.1843771221072645e-14,1.0231160009637606e-11,2.0261066810109689e-10,1.0519102158027437e-13,3.256302073660108e-15
Ek1p5e-4,0.00014999999999973672,4.13832376091424,0.24164373252881494,-1.21517859978515e-11,1.9405578937529067e-13,1.2244794308792367e-11,2.373717137867987e-10,9.697663566991118e-14,4.070842764511636e-15
Ek1p5e-4,0.00014999999999973672,4.559265921174213,0.21933355441185928,-1.4079655332908506e-11,4.590700837488149e-13,1.4446632027859385e-11,2.736243373833796e-10,8.737449904109058e-14,4.718889756844861e-15
Ek1p5e-4,0.00014999999999973672,5.0230254907335485,0.19908320231398285,-1.603554175615553e-11,9.246605831137027e-13,1.6878192362937314e-11,3.1139680309923425e-10,7.701912885361948e-14,4.990847478298779e-15
Ek1p5e-4,0.00014999999999973672,5.533957772320717,0.180702499213441,-1.798504431496937e-11,1.7252249040279142e-12,1.9639771783982375e-11,3.510726993212957e-10,6.602270202778162e-14,4.474732987128193e-15
Ek1p5e-4,0.00014999999999973672,6.096861081498616,0.16401882651296998,-1.9896528099353913e-11,3.1808010649485884e-12,2.30219013335469e-11,3.937315085005312e-10,5.370771391716277e-14,1.7201168384413708e-15
Ek1p5e-4,0.00014999999999973672,6.717021809059481,0.14887550292769114,-2.174190498829188e-11,6.725855309847568e-12,2.8441907323531414e-11,4.4322336376794776e-10,3.872298811180752e-14,-1.287001350377477e-14
Ek1p5e-4,0.00014999999999973672,7.400264067078031,0.1351303130450109,-2.349576935274437e-11,2.055358601796971e-11,4.4131132660721605e-11,5.180164131926959e-10,2.1190536180399155e-14,-1.0296782618791814e-13
Ek1p5e-4,0.00014999999999973672,8.153004384863584,0.12265417173778842,-2.5130230874526726e-11,8.322655795896476e-11,1.0892939077761594e-10,6.991680748850396e-10,1.2526479618272108e-14,-5.851284237427425e-13
Ek1p5e-4,0.00014999999999973672,8.982311968476939,0.11132991188788138,-2.6602388510226837e-11,3.2915492091716266e-10,3.582909633385188e-10,1.260317636282893e-09,6.1374400915376e-14,-2.595028312044667e-12
Ek1p5e-4,0.00014999999999973672,9.895975089726882,0.10105118403522567,-2.783690501276522e-11,1.1058870295241972e-09,1.1425597758763594e-09,2.895613911141995e-09,2.932688294709757e-13,-9.129110168868088e-12
Ek1p5e-4,0.00014999999999973672,10.902574228124951,0.0917214576187281,-2.871644161049176e-11,3.0947311695621726e-09,3.148669824681738e-09,6.9469869717086075e-09,9.367360875834583e-13,-2.6158949596657167e-11
Ek1p5e-4,0.00014999999999973672,12.0115626526961,0.08325311442933209,-2.909534961612326e-11,7.3280189314361726e-09,7.417683932508664e-09,1.5424148110864563e-08,2.299096893078081e-12,-6.286874834944516e-11
Ek1p5e-4,0.00014999999999973672,13.233355200412788,0.07556662576160632,-2.8838347035377e-11,1.5022027619751613e-08,1.5176426434189436e-08,3.066815178805976e-08,4.685067398355178e-12,-1.30245534800801e-10
Ek1p5e-4,0.00014999999999973672,14.579426084996916,0.06858980553624526,-2.7866874552890118e-11,2.7260198013842316e-08,2.751803863444206e-08,5.473499928933709e-08,8.295881597075633e-12,-2.38269627643931e-10
Ek1p5e-4,0.00014999999999973672,16.062416654640845,0.062257132379334355,-2.6189808873304712e-11,4.466709397524097e-08,4.5073063735843435e-08,8.87738769650659e-08,1.316149902553787e-11,-3.929414507546967e-10
Ek1p5e-4,0.00014999999999973672,17.69625411063211,0.05650913429182668,-2.3905854186067082e-11,6.721899190236026e-08,6.781824872925747e-08,1.326768283277475e-07,1.913388019364294e-11,-5.944848529047564e-10
Ek1p5e-4,0.00014999999999973672,19.49628230180323,0.05129183013048129,-2.1180576099756212e-11,9.425220426888333e-08,9.50847775135112e-08,1.8510985576409481e-07,2.5932907136765105e-11,-8.373255756648799e-10
Ek1p5e-4,0.00014999999999973672,21.479405823136005,0.046556222655045464,-1.8210416082111242e-11,1.2463201123017677e-07,1.257285479627766e-07,2.4384848462313033e-07,3.3215944805795364e-11,-1.1115422613235233e-09
Ek1p5e-4,0.00014999999999973672,23.664248771792614,0.04225783838073842,-1.5186905994522157e-11,1.569938345581573e-07,1.5837337948726514e-07,3.062462173684211e-07,4.0642960902995823e-11,-1.405000984016283e-09
Ek1p5e-4,0.00014999999999973672,26.07132965149816,0.038356309914655086,-1.2270147068689767e-11,1.8997236281419355e-07,1.9164212087988327e-07,3.696747885093863e-07,4.7921561269704976e-11,-1.7054094798907596e-09
Ek1p5e-4,0.00014999999999973672,28.723254067853407,0.03481499685368809,-9.575134923404685e-12,2.223684906761042e-07,2.2432507127299854e-07,4.318416125610852e-07,5.4828997065134646e-11,-2.001834459036035e-09
Ek1p5e-4,0.00014999999999973672,31.64492702423593,0.03160064168370902,-7.1699273394585876e-12,2.532404076582877e-07,2.554719159996235e-07,4.909598111574467e-07,6.121577176235759e-11,-2.2855541857586526e-09
Ek1p5e-4,0.00014999999999973672,34.86378681202312,0.02868305744845652,-5.082000227021503e-12,2.8192934045992335e-07,2.84417758358478e-07,5.457923298666446e-07,6.69978240370072e-11,-2.5503337223646578e-09
Ek1p5e-4,0.00014999999999973672,38.41006269166915,0.026034844254937715,-3.308525188679817e-12,3.0804041436721003e-07,3.107638770947565e-07,5.95610441850059e-07,7.214346588600201e-11,-2.792297668243751e-09
Ek1p5e-4,0.00014999999999973672,42.31705878459456,0.02363113195296191,-1.8271190548317072e-12,3.31399169102524e-07,3.3433391350617853e-07,6.401066728878634e-07,7.665932710236755e-11,-3.009576611702083e-09
Ek1p5e-4,0.00014999999999973672,46.621466842000935,0.021449346572234133,-6.049930977900963e-13,3.519996228599241e-07,3.551215154024079e-07,6.792928646460014e-07,8.057768224882162e-11,-3.201865231634843e-09
Ek1p5e-4,0.00014999999999973672,51.36371082791494,0.01946899832355033,3.9430689823675294e-13,3.6995409663270787e-07,3.7323973919557364e-07,7.134028618855203e-07,8.394616304515139e-11,-3.3699830328091616e-09
Ek1p5e-4,0.00014999999999973672,56.58832655254222,0.017671489173151297,1.2065336931430922e-12,3.8545016067192995e-07,3.88877622260446e-07,7.428098149393856e-07,8.682002094710753e-11,-3.5154881431562803e-09
Ek1p5e-4,0.00014999999999973672,62.34437992117995,0.016039938183109188,1.8642943765200038e-12,3.987166429193543e-07,4.022658871508807e-07,7.679614722065536e-07,8.925667638712702e-11,-3.6403652022900045e-09
Ek1p5e-4,0.00014999999999973672,68.68592772658711,0.014559022977466717,2.3959706950997012e-12,4.099985697992821e-07,4.136516514458159e-07,7.893329084534373e-07,9.131212600787202e-11,-3.746789743236777e-09
Ek1p5e-4,0.00014999999999973672,75.67252531224888,0.01321483584529104,2.825503837520044e-12,4.195398650670488e-07,4.232809620969956e-07,8.073942129796324e-07,9.303876096951327e-11,-3.836961294753897e-09
Ek1p5e-4,0.00014999999999973672,83.36978587415051,0.011994753129263564,3.172663506181063e-12,4.275722590402456e-07,4.313875952586609e-07,8.225900312055086e-07,9.448420084472785e-11,-3.912993082766202e-09
Ek1p5e-4,0.00014999999999973672,91.84999665362886,0.010887316673195452,3.453543559888254e-12,4.343088722751287e-07,4.3818657335007654e-07,8.353279452384818e-07,9.569082337599073e-11,-3.976845441883661e-09
Ek1p5e-4,0.00014999999999973672,101.19279780814954,0.009882126215107626,3.6811260596673675e-12,4.399411359150513e-07,4.438710502442826e-07,8.459731067114114e-07,9.669574676316283e-11,-4.030291202054228e-09
Ek1p5e-4,0.00014999999999973672,111.48593033548543,0.008969741715306876,3.865826555017771e-12,4.4463797294936505e-07,4.486114793253055e-07,8.548470657234021e-07,9.753108764180885e-11,-4.074903290137274e-09
Ek1p5e-4,0.00014999999999973672,122.82606007527272,0.008141594702192353,4.015979421916028e-12,4.4854642340792495e-07,4.5255623998171445e-07,8.622292495229019e-07,9.822437124520478e-11,-4.1120569244566245e-09
Ek1p5e-4,0.00014999999999973672,135.31968552638645,0.007389907803214682,4.138249341879834e-12,4.517931210372717e-07,4.5583312451539454e-07,8.683599793386822e-07,9.879901076461132e-11,-4.142940738229206e-09
Ek1p5e-4,0.00014999999999973672,149.0841380057144,0.006707621705279404,4.237969696804283e-12,4.5448620935123127e-07,4.585512693804871e-07,8.734442586097151e-07,9.927480248796783e-11,-4.168572801440585e-09
Ek1p5e-4,0.00014999999999973672,164.24868354111666,0.006088328858658208,4.319415524899436e-12,4.5671742227340047e-07,4.608032532457299e-07,8.776558258087132e-07,9.966840415604469e-11,-4.189818792010386e-09
Ek1p5e-4,0.00014999999999973672,180.9557368467721,0.0055262133018019206,4.386021067197196e-12,4.58564154914455e-07,4.6266718564145467e-07,8.811411533391755e-07,9.999377824281439e-11,-4.207410526309678e-09
