time,F_I,F_C,F_P,F_V,F_B,F_T,F_I_h,F_C_h,F_P_h,F_V_h,F_T_h,F_I_z,F_P_z,F_V_z,F_B_z,F_T_z
1210.0,0.0001376928923604,0.0011880787990803,0.0014009807226354,0.0001777904201418,0.0007205858706838,,0.0001179126099775,0.0011880787990803,0.0012065236046579,0.0001006000776672,,6.74304994810184e-05,0.0006102417470697,0.0001415245024029,0.0007205858706838,
1220.0,0.00082156571054,0.0029447691353288,0.0036650517245953,0.0004641738302162,0.0014056133350188,0.0001531366128218,0.000719238082833,0.0029447691353288,0.0034475947036109,0.0002897599270412,0.0001197443709982,0.0003625053365688,0.0010491332384996,0.0003546454493182,0.0014056133350188,9.069045344924e-05
1230.0,0.0014512783622453,0.0042824333710203,0.0055384895444188,0.0006437509299155,0.0017621795352389,0.0002066710365745,0.0013846423552888,0.0042824333710203,0.0052806771318365,0.0004280206057357,0.0001412506455679,0.0003966537781814,0.0014207683004558,0.0004681673972384,0.0017621795352389,0.0001430601562119
1240.0,0.0012821759063604,0.0054571840155502,0.0066686901481627,0.0008328007556538,0.0024750576228086,0.0003539161260438,0.0011867065348319,0.0054571840155502,0.0061967954919621,0.000531699857997,0.0002450676647187,0.0004357730721171,0.0020616658195074,0.0006200721167376,0.0024750576228086,0.000241783793442
1250.0,0.0017957600881248,0.0078649670720814,0.0095473986287685,0.0012559879622215,0.0036821432594926,0.0004970823593156,0.0016277726991624,0.0078649670720814,0.0088513153573994,0.0007786095059816,0.0003502127921715,0.0006934267148493,0.0029811182807034,0.0009551802368336,0.0036821432594926,0.0003338373995389
1260.0,0.0029862456641349,0.011472872286377,0.0139988604830405,0.0018734489838106,0.005008817014458,0.0006106022082044,0.0027103106646238,0.011472872286377,0.0131593636416917,0.0011671741180676,0.0004303568612206,0.0011384651355007,0.0039859246503224,0.0014204079153503,0.005008817014458,0.0004095707947556
1270.0,0.0036685204331365,0.0145253371296577,0.0175646455100324,0.0023505993748634,0.0058680657483119,0.0007028704756301,0.0033317792784486,0.0145253371296577,0.0166089373478446,0.0014871613974237,0.0004868212171757,0.0013714782489331,0.0047554298027628,0.0017618956178034,0.0058680657483119,0.0004803863552149
1280.0,0.0036039791546699,0.0155184089650435,0.0184398858288183,0.0024828267092894,0.0059671209570406,0.0008174990804919,0.0033121585291832,0.0155184089650435,0.017479091669498,0.0015781091358553,0.0005596293070369,0.0012731552179113,0.0049149450576294,0.001849491215197,0.0059671209570406,0.000564494415705
1290.0,0.0035637993770933,0.0156671291866201,0.0183808355377181,0.0025460993443694,0.0056989316341978,0.0007698513913847,0.0032187834207864,0.0156671291866201,0.0175314311758615,0.0016122668743695,0.0005532111718722,0.0013795450725453,0.0046307871221288,0.0019009968165862,0.0056989316341978,0.0005012066700454
1300.0,0.0032969521492674,0.0149626396409442,0.0174915148968535,0.0023215142535894,0.004945547996275,0.0007354327114312,0.0030304907448454,0.0149626396409442,0.0167403654737978,0.0015113903142554,0.000498549356331,0.0011542634124718,0.0041875168834435,0.0016946837599225,0.004945547996275,0.0005108425808316
1310.0,0.0023988603828625,0.0116860594535419,0.0134764415485313,0.0017139737734999,0.0038006246481448,0.0006291406419737,0.0021942521121675,0.0116860594535419,0.012848811992425,0.0011346425681306,0.0004521346099728,0.0008633635298555,0.003355043451146,0.0012342014731934,0.0038006246481448,0.0004084610515635
1320.0,0.0013589160352839,0.0078368528370258,0.0090010532990394,0.0010289031170513,0.0027206131484621,0.0004641258979577,0.0012722724888977,0.0078368528370258,0.0084531814263616,0.0007125441426788,0.0003375384904739,0.0004177272241323,0.0025668926224746,0.0007104560158192,0.0027206131484621,0.0002953784126659
1330.0,0.0003092050523644,0.0040212336157279,0.004630258056607,0.0003670425976751,0.0018990425838169,0.0002883046734954,0.0002909602447916,0.0040212336157279,0.0040835097617149,0.0002856933644591,0.00022851355316,9.193876325675406e-05,0.0018966727287714,0.0002169488696361,0.0018990425838169,0.0001610955702582
1340.0,2.756284930761921e-05,0.0021505646331679,0.0027110430844542,7.424722356169303e-05,0.0015207698592102,0.0001172973480869,2.6049895289536535e-05,0.0021505646331679,0.0021394414215959,6.71117686714548e-05,0.0001045015493418,8.451944827344534e-06,0.0015218473639482,3.065427871405605e-05,0.0015207698592102,4.881574331448983e-05
1350.0,8.433125666457223e-06,0.0015333327627342,0.0020754457312595,3.0136162148257018e-05,0.0013096589929815,4.3325911736749225e-05,8.299403869380489e-06,0.0015333327627342,0.001529216012002,2.9149761080157733e-05,4.1150618009360725e-05,1.3979449237134283e-06,0.0013092731353444,7.367071864087789e-06,0.0013096589929815,1.2956495007606617e-05
1360.0,3.930723849803508e-06,0.0012078573210074,0.0017192044093066,1.6491952302047537e-05,0.0011582861126226,2.4201365516548063e-05,3.905643528216995e-06,0.0012078573210074,0.0012055743706673,1.6236766378549196e-05,2.364530251469887e-05,4.133196161569175e-07,0.0011573191785648,2.7359492851076887e-06,0.0011582861126226,4.895899203729525e-06
1370.0,2.3197428537311384e-06,0.0010008984065051,0.0014803260715772,1.082008617297663e-05,0.0010417103234124,1.6182069012956132e-05,2.313585060361385e-06,0.0010008984065051,0.0009994193262233,1.0727895311143414e-05,1.5950957723883023e-05,1.5374311448427702e-07,0.001040643453412,1.2988535615729e-06,0.0010417103234124,2.581260007427385e-06
1380.0,1.5355521029235057e-06,0.0008555975904617,0.0013057215490693,7.72405484289322e-06,0.0009487549366914,1.1887084595639358e-05,1.533658998495752e-06,0.0008555975904617,0.0008545050193537,7.693793169120357e-06,1.1764721033161037e-05,6.899014310136787e-08,0.0009479265792317,6.198441295857036e-07,0.0009487549366914,1.608022239699664e-06
1390.0,1.086663249849065e-06,0.0007491884646429,0.0011727157939845,5.879364794525448e-06,0.0008723767559892,9.126211194514114e-06,1.085905843854868e-06,0.0007491884646429,0.000748278781337,5.86377764492484e-06,9.080873222115763e-06,3.582739010417844e-08,0.0008717329560266,3.8156469465632694e-07,0.0008723767559892,8.580147631884589e-07
1400.0,8.103202438237561e-07,0.0006683477297328,0.0010678470906498,4.642150374150663e-06,0.0008076944665532,7.2861281272094895e-06,8.099710083148883e-07,0.0006683477297328,0.0006676322302888,4.635138871066107e-06,7.257671450967289e-06,2.0615396568259763e-08,0.0008072594914238,2.236567074472195e-07,0.0008076944665532,6.065483087935083e-07
1410.0,6.269816383011102e-07,0.0006054779650386,0.0009827866248582,3.755807641362593e-06,0.0007514846081257,5.948512023417018e-06,6.267804531232611e-07,0.0006054779650386,0.0006050001108505,3.751496860060428e-06,5.934382073678388e-06,1.3431549774573025e-08,0.000750916482504,1.544590449618617e-07,0.0007514846081257,3.858283624115097e-07
1420.0,4.99761797901086e-07,0.0005560165680157,0.0009124705832819,3.101454887275283e-06,0.0007016057469385,5.513279953976016e-06,4.996461733353118e-07,0.0005560165680157,0.000555672459912,3.0985484782056104e-06,5.438185931018404e-06,9.064418423928577e-09,0.000701022265585,1.1574628743802597e-07,0.0007016057469385,8.421671784247935e-07
1430.0,4.160833184626404e-07,0.0005206282379622,0.0008413336865317,3.171134500568475e-06,0.0006414981604421,7.130468444175277e-06,4.147235210032119e-07,0.0005206282379622,0.0005201064086327,3.0583731513848277e-06,6.98275491169147e-06,3.0752252775702414e-08,0.0006412282402138,7.752756438050398e-07,0.0006414981604421,1.245684866243022e-06
1440.0,3.575617766828931e-07,0.0004987284555753,0.0007423327006781,3.856260637973161e-06,0.0005393072372864,7.76419791996674e-06,3.535792534841396e-07,0.0004987284555753,0.0004979209324698,3.634540409259808e-06,7.670935253387155e-06,4.990684914077087e-08,0.0005382395797425,1.229916066833955e-06,0.0005393072372864,9.930104296708608e-07
1450.0,2.739858244727392e-07,0.0004697223750265,0.0006568377269376,3.213953967885934e-06,0.0004537695733319,6.222390437131982e-06,2.722898350024373e-07,0.0004697223750265,0.0004692003242247,3.1211664437569707e-06,6.0717516633373086e-06,2.9672414930966477e-08,0.000452162139077,7.238405781388745e-07,0.0004537695733319,1.183715650205706e-06
1460.0,2.201278257432042e-07,0.0004367449476618,0.0005947327342112,2.797650098393774e-06,0.0003985160485973,4.145593811392905e-06,2.190415742691892e-07,0.0004367449476618,0.0004364256985949,2.658639300221029e-06,4.0653977766618364e-06,2.0770597295085872e-08,0.0003975025405957,7.697395015804209e-07,0.0003985160485973,7.458733625845102e-07
1470.0,1.891713002019369e-07,0.0004045697000678,0.0005445526559332,3.2971175193184817e-06,0.0003592754740465,3.685365230786712e-06,1.8592538143863053e-07,0.0004045697000678,0.0004042572424278,2.884382037361497e-06,3.561175192063839e-06,3.21937199335212e-08,0.0003585281988234,1.426168519745897e-06,0.0003592754740465,9.098251952763812e-07
1480.0,1.902365220301967e-07,0.00037411229092,0.0005014398084161,5.398274917406588e-06,0.0003286613222652,4.346505399520195e-06,1.7732127639602157e-07,0.00037411229092,0.0003738492678226,4.304460099733152e-06,3.851392442421031e-06,6.353697086481552e-08,0.0003278629823674,2.978128119364333e-06,0.0003286613222652,1.9118263717228517e-06
1490.0,3.139849763109405e-07,0.0003525698223501,0.0004692310799111,1.0963361648760336e-05,0.0003047681097004,7.522481147886889e-06,2.72582574491531e-07,0.0003525698223501,0.0003521466836949,8.421827052019881e-06,5.89082021800956e-06,1.5027610148132225e-07,0.0003033914665572,6.474598803920491e-06,0.0003047681097004,4.369053817221552e-06
1500.0,1.0315677707528183e-06,0.000370935915375,0.0004754301115904,2.438220914358565e-05,0.0002943936686935,1.6075475389244227e-05,9.01173835838653e-07,0.000370935915375,0.0003697051461885,1.8415570383219147e-05,1.18981553367386e-05,4.880329555680147e-07,0.0002894731077731,1.4774012477666796e-05,0.0002943936686935,9.966712192828804e-06
1510.0,5.697680367275423e-06,0.0005246723104222,0.0006193960814252,5.530316600819336e-05,0.0003262030687593,3.936832155621114e-05,5.119523437710747e-06,0.0005246723104222,0.0005207682933422,4.049561874231648e-05,2.780153886637151e-05,2.4005101137471333e-06,0.000309330402655,3.4723254791764645e-05,0.0003262030687593,2.580362993368321e-05
1520.0,5.3160878315029376e-05,0.0010289017781064,0.0011609283858716,0.0001356743491834,0.0005214581884681,0.0001180791274289,4.6201143806780185e-05,0.0010289017781064,0.001023733402432,9.067651831673758e-05,7.896447079603166e-05,2.5420091594018784e-05,0.0004598481975252,9.533215136036446e-05,0.0005214581884681,8.348510961014429e-05
1530.0,0.0004488678315824,0.0026244827503276,0.003042361944071,0.0003989449084979,0.0012982547044455,0.000227972262522,0.0003787647824033,0.0026244827503276,0.0028008515417355,0.000244957548108,0.0001608634925911,0.0002271420387025,0.0010137826124576,0.0003066421643548,0.0012982547044455,0.0001533660081456
1540.0,0.0014589128867631,0.0053739219418642,0.0065606892070044,0.0008386842005341,0.0023772684638432,0.0004000157213022,0.0013490806717003,0.0053739219418642,0.0061952074389185,0.0005284998836758,0.0002703223021465,0.0005112339321087,0.0018400641756865,0.0006340985975943,0.0023772684638432,0.0002797650441216
1550.0,0.0022817289639706,0.0094268542670194,0.0113133929583247,0.0015540827741449,0.0042006023988512,0.0006634065222428,0.0020859838238134,0.0094268542670194,0.0106344613475787,0.0009478752992139,0.0004547158822263,0.0008501500724195,0.0032232472748967,0.0011946002587076,0.0042006023988512,0.0004577797677667
1560.0,0.0039404476019655,0.0153719085636747,0.0185166893586595,0.0026312137903427,0.0062709281528529,0.0007735663623779,0.0035534392712738,0.0153719085636747,0.0176120082134959,0.0016179411658855,0.0005561724476705,0.0015478419318069,0.004714786021809,0.0020133305906649,0.0062709281528529,0.0005087475076788
1570.0,0.0049602825933493,0.0194437208543334,0.0233081861795954,0.0032252711053323,0.0068164212598927,0.0008463005530658,0.0045657497967706,0.0194437208543334,0.0223685170419501,0.0020479842536227,0.0005714865896705,0.0017365605879123,0.0053508654552497,0.0024075321980024,0.0068164212598927,0.0005927874890595
1580.0,0.0043645800386503,0.0185841902939441,0.0219403848234842,0.0028887553385141,0.0058943893888883,0.0009093838625784,0.0040479066391455,0.0185841902939441,0.0211097021351561,0.0018990379813961,0.0006226751033823,0.0014522672377996,0.0048785803529346,0.0020956093543689,0.0058943893888883,0.0006259552729467
1590.0,0.0033369158702286,0.0146413143664625,0.0171026882748841,0.0021711600300916,0.0043209316414562,0.0007611124971288,0.0031029425162187,0.0146413143664625,0.0164881059147322,0.0014535364959369,0.0005404399924595,0.001088298582324,0.0037327432868158,0.0015494277703674,0.0043209316414562,0.0004989479233159
1600.0,0.0014865123844502,0.0091116366938064,0.0103319127949326,0.0011240793526411,0.0026768292534693,0.0005915636757531,0.0014223280323626,0.0091116366938064,0.009840661555837,0.0008184238778366,0.0004296704880719,0.000369363423917,0.0026134419864863,0.0007341891616566,0.0026768292534693,0.0003782890463255
1610.0,0.0001492042792122,0.0038411274538958,0.004236623205355,0.000240009035222,0.0016406257394769,0.0003171055779221,0.0001375776168641,0.0038411274538958,0.0038378695646955,0.0002083296863468,0.0002657805357594,5.303123754968064e-05,0.0016268851265436,0.0001137063211222,0.0016406257394769,0.000156104159216
1620.0,2.723985211689544e-05,0.0023352671474511,0.002682387589291,7.286448298128349e-05,0.0012609840231961,9.948107103148396e-05,2.630082770944925e-05,0.0023352671474511,0.0023232680384848,6.862113064028192e-05,9.098235046971724e-05,6.735303033741776e-06,0.0012629627300068,2.380302633779489e-05,0.0012609840231961,3.7671560007884905e-05
1630.0,1.0428423064637433e-05,0.0016688872934853,0.0019904440978835,3.3139134722814924e-05,0.0010488720289101,4.583491647701755e-05,1.0295222651493592e-05,0.0016688872934853,0.0016639641983,3.231230747737552e-05,4.403511284542664e-05,1.5570142852694218e-06,0.0010493603596061,7.093884979009044e-06,0.0010488720289101,1.2125600877362717e-05
1640.0,5.579896457124023e-06,0.0013253672289234,0.0016190254371747,1.888516229086106e-05,0.0009020477794705,2.571365520551477e-05,5.551179686950293e-06,0.0013253672289234,0.0013229041557663,1.859348900728765e-05,2.5141007624506744e-05,5.148809737977943e-07,0.0009023886219405,3.132615641707179e-06,0.0009020477794705,5.100257674578017e-06
1650.0,3.543602178871289e-06,0.0011080703254404,0.0013750611999028,1.2045588967260442e-05,0.0007903081657879,1.7128175818335713e-05,3.5353366235342e-06,0.0011080703254404,0.0011066762454945,1.1952252153857547e-05,1.682763338534157e-05,2.1303760454932802e-07,0.0007902295720979,1.3855718009979028e-06,0.0007903081657879,2.990627078433501e-06
1660.0,2.4940171374153278e-06,0.0009560782421055,0.0011989910937012,8.508259584524676e-06,0.0007008814898597,1.2282459414217572e-05,2.491116690139028e-06,0.0009560782421055,0.000955339108029,8.467213640431443e-06,1.215227550936002e-05,1.040667535046739e-07,0.0007006245384496,7.535531063035719e-07,0.0007008814898597,1.660090315283605e-06
1670.0,1.861734378876397e-06,0.0008430151920917,0.0010640597576626,6.430842754433595e-06,0.0006271531166735,9.36148896433476e-06,1.8607891833440797e-06,0.0008430151920917,0.0008425683305554,6.4143461257520205e-06,9.283555210982996e-06,5.1343717992104775e-08,0.0006266912587039,4.0904507266145326e-07,0.0006271531166735,1.116250778963705e-06
1680.0,1.4409699548112957e-06,0.0007543439787953,0.0009556459949099,5.194385091425067e-06,0.0005644931303487,7.821105543092764e-06,1.4404199558813326e-06,0.0007543439787953,0.0007540500358485,5.129432869973146e-06,7.704090224801569e-06,3.5724777813156244e-08,0.0005642397667595,7.202374430469735e-07,0.0005644931303487,1.250784888364311e-06
1690.0,1.206224974206967e-06,0.000684956286145,0.0008650296137268,5.629196917389639e-06,0.0005076797959896,7.725259848539715e-06,1.2030317308665294e-06,0.000684956286145,0.0006847601585859,5.158096985442706e-06,7.545959005839989e-06,8.296928204054127e-08,0.0005070185388131,2.130192444931014e-06,0.0005076797959896,1.5135980082300465e-06
1700.0,1.3381024801590229e-06,0.0006374604515608,0.0007941097194507,7.971061276330215e-06,0.0004557062429944,,1.3264515876940522e-06,0.0006374604515608,0.0006372238456275,6.913708350054965e-06,,1.672315829174545e-07,0.0004550769950389,3.6445796193295433e-06,0.0004557062429944,
