Ra,Pr,Ek,AR,Nx,Ny,Nz,time,frame,field_path,inertia_bulk,coriolis_bulk,viscous_bulk,buoyancy_bulk,drag_bulk,local_Ro_force,buoyancy_power_bulk,viscous_dissipation_bulk,drag_dissipation_bulk,regime,pressure_plane,coriolis_plane,inertia_plane,viscous_plane,cp_residual_plane,cp_residual_over_coriolis,pressure_plane_z
8000000.0,0.7,,16,384,384,64,10.0,1,/share/org/SHUTUANL/shu_zhangjs/rainy model/rotating_case/Pr0p7/Ra8e6/norotating/AR16/Beta1p02/qbot0p5_qtop0p004978/N257x257x65/run/movie/field00001.h5,2.7581369489732317e-08,0.0,4.229597693104643e-06,1.9640100682770052e-05,0.0,inf,1.4036263674235065e-09,2.2647974588711474e-10,0.0,nonrotating: inertia-buoyancy-viscous,,,,,,,
8000000.0,0.7,,16,384,384,64,30.0,3,/share/org/SHUTUANL/shu_zhangjs/rainy model/rotating_case/Pr0p7/Ra8e6/norotating/AR16/Beta1p02/qbot0p5_qtop0p004978/N257x257x65/run/movie/field00003.h5,0.0062932016776152296,0.0,0.0014169183229377047,0.0075307618477904,0.0,inf,0.000272666586826367,4.263113177462475e-05,0.0,nonrotating: inertia-buoyancy-viscous,0.00016347408375038896,0.0,2.814571555991497e-07,3.195044255449939e-05,0.00016347408375038896,1.6347408375038894e+26,0.04833588103373401
8000000.0,0.7,,16,384,384,64,50.0,5,/share/org/SHUTUANL/shu_zhangjs/rainy model/rotating_case/Pr0p7/Ra8e6/norotating/AR16/Beta1p02/qbot0p5_qtop0p004978/N257x257x65/run/movie/field00005.h5,0.008910838199752797,0.0,0.0026617407556732055,0.005265410520716339,0.0,inf,3.318873878358123e-05,5.440733450609413e-05,0.0,nonrotating: inertia-buoyancy-viscous,0.001175087828907422,0.0,4.38963342378694e-05,0.0004057477089062205,0.001175087828907422,1.175087828907422e+27,0.04833588103373401
8000000.0,0.7,,16,384,384,64,70.0,7,/share/org/SHUTUANL/shu_zhangjs/rainy model/rotating_case/Pr0p7/Ra8e6/norotating/AR16/Beta1p02/qbot0p5_qtop0p004978/N257x257x65/run/movie/field00007.h5,0.0061534935482756995,0.0,0.0017552744381019415,0.00408055646978526,0.0,inf,2.8017087763920917e-05,2.946316538661185e-05,0.0,nonrotating: inertia-buoyancy-viscous,,,,,,,
8000000.0,0.7,,16,384,384,64,90.0,9,/share/org/SHUTUANL/shu_zhangjs/rainy model/rotating_case/Pr0p7/Ra8e6/norotating/AR16/Beta1p02/qbot0p5_qtop0p004978/N257x257x65/run/movie/field00009.h5,0.005768252147232878,0.0,0.0015708994633347373,0.00397777414845955,0.0,inf,2.9974827218313086e-05,2.675435563218939e-05,0.0,nonrotating: inertia-buoyancy-viscous,0.0011315021400686066,0.0,8.571172732764496e-05,0.0005998760334114796,0.0011315021400686066,1.1315021400686065e+27,0.04833588103373401
8000000.0,0.7,,16,384,384,64,110.0,11,/share/org/SHUTUANL/shu_zhangjs/rainy model/rotating_case/Pr0p7/Ra8e6/norotating/AR16/Beta1p02/qbot0p5_qtop0p004978/N257x257x65/run/movie/field00011.h5,0.008594350108731268,0.0,0.0019273114733162583,0.0056767007542651345,0.0,inf,5.012687501437272e-05,3.768909758028849e-05,0.0,nonrotating: inertia-buoyancy-viscous,0.0013804434658186635,0.0,0.0001318944258842761,0.0006994484320769271,0.0013804434658186635,1.3804434658186634e+27,0.04833588103373401
8000000.0,0.7,,16,384,384,64,130.0,13,/share/org/SHUTUANL/shu_zhangjs/rainy model/rotating_case/Pr0p7/Ra8e6/norotating/AR16/Beta1p02/qbot0p5_qtop0p004978/N257x257x65/run/movie/field00013.h5,0.00883430723594408,0.0,0.0019031822468260247,0.005197085138433714,0.0,inf,2.8880042130942975e-05,3.668953622095149e-05,0.0,nonrotating: inertia-buoyancy-viscous,0.0017139883982188974,0.0,0.00020111051351694737,0.0009051351165040534,0.0017139883982188974,1.7139883982188973e+27,0.04833588103373401
8000000.0,0.7,,16,384,384,64,150.0,15,/share/org/SHUTUANL/shu_zhangjs/rainy model/rotating_case/Pr0p7/Ra8e6/norotating/AR16/Beta1p02/qbot0p5_qtop0p004978/N257x257x65/run/movie/field00015.h5,0.00678174675270329,0.0,0.0014896701180164115,0.004669007524754802,0.0,inf,2.520106420810891e-05,2.6357063028291562e-05,0.0,nonrotating: inertia-buoyancy-viscous,0.0014156180458790458,0.0,0.00018074271886572748,0.0009235050944619229,0.0014156180458790458,1.4156180458790456e+27,0.04833588103373401
8000000.0,0.7,,16,384,384,64,170.0,17,/share/org/SHUTUANL/shu_zhangjs/rainy model/rotating_case/Pr0p7/Ra8e6/norotating/AR16/Beta1p02/qbot0p5_qtop0p004978/N257x257x65/run/movie/field00017.h5,0.005053191770184345,0.0,0.001204817009734703,0.003737977290718357,0.0,inf,1.603887416959915e-05,1.989251946344925e-05,0.0,nonrotating: inertia-buoyancy-viscous,0.0011511584204740904,0.0,0.0001511266501935936,0.0008134611306355241,0.0011511584204740904,1.1511584204740903e+27,0.04833588103373401
8000000.0,0.7,,16,384,384,64,190.0,19,/share/org/SHUTUANL/shu_zhangjs/rainy model/rotating_case/Pr0p7/Ra8e6/norotating/AR16/Beta1p02/qbot0p5_qtop0p004978/N257x257x65/run/movie/field00019.h5,0.00452928348279566,0.0,0.0010644421175125202,0.0037589628123006437,0.0,inf,1.7602684113232075e-05,1.6926590559154608e-05,0.0,nonrotating: inertia-buoyancy-viscous,0.0010486620844089264,0.0,0.00010412868959288525,0.0006807187377317495,0.0010486620844089264,1.0486620844089263e+27,0.04833588103373401
8000000.0,0.7,,16,384,384,64,210.0,21,/share/org/SHUTUANL/shu_zhangjs/rainy model/rotating_case/Pr0p7/Ra8e6/norotating/AR16/Beta1p02/qbot0p5_qtop0p004978/N257x257x65/run/movie/field00021.h5,0.004611137448615376,0.0,0.0010689976698907556,0.004049533946335418,0.0,inf,2.222153177067436e-05,1.7159207948240847e-05,0.0,nonrotating: inertia-buoyancy-viscous,0.001061031915948352,0.0,0.00010120746787537421,0.0006493677697601843,0.001061031915948352,1.0610319159483518e+27,0.04833588103373401
8000000.0,0.7,,16,384,384,64,230.0,23,/share/org/SHUTUANL/shu_zhangjs/rainy model/rotating_case/Pr0p7/Ra8e6/norotating/AR16/Beta1p02/qbot0p5_qtop0p004978/N257x257x65/run/movie/field00023.h5,0.005005028714291136,0.0,0.0011214663102349642,0.004482892716541639,0.0,inf,2.514659898415373e-05,1.832752752335451e-05,0.0,nonrotating: inertia-buoyancy-viscous,0.0010431944439156105,0.0,0.00010330768732804743,0.0006642657592177407,0.0010431944439156105,1.0431944439156105e+27,0.04833588103373401
8000000.0,0.7,,16,384,384,64,250.0,25,/share/org/SHUTUANL/shu_zhangjs/rainy model/rotating_case/Pr0p7/Ra8e6/norotating/AR16/Beta1p02/qbot0p5_qtop0p004978/N257x257x65/run/movie/field00025.h5,0.00564616696847683,0.0,0.0011223625863910876,0.005218719363691626,0.0,inf,3.397367258064141e-05,1.9817690246186702e-05,0.0,nonrotating: inertia-buoyancy-viscous,0.0012121357459937718,0.0,0.00010480778563266491,0.0006504418913735048,0.0012121357459937718,1.2121357459937717e+27,0.04833588103373401
8000000.0,0.7,,16,384,384,64,270.0,27,/share/org/SHUTUANL/shu_zhangjs/rainy model/rotating_case/Pr0p7/Ra8e6/norotating/AR16/Beta1p02/qbot0p5_qtop0p004978/N257x257x65/run/movie/field00027.h5,0.006768305041012602,0.0,0.0013344093011676242,0.005889873932053271,0.0,inf,3.701889579477425e-05,2.399863032457862e-05,0.0,nonrotating: inertia-buoyancy-viscous,0.0014854041623391366,0.0,0.00014906381572737953,0.0007899106238219458,0.0014854041623391366,1.4854041623391365e+27,0.04833588103373401
8000000.0,0.7,,16,384,384,64,290.0,29,/share/org/SHUTUANL/shu_zhangjs/rainy model/rotating_case/Pr0p7/Ra8e6/norotating/AR16/Beta1p02/qbot0p5_qtop0p004978/N257x257x65/run/movie/field00029.h5,0.007638073458834401,0.0,0.001411820265177049,0.006393032253523676,0.0,inf,4.572218974204409e-05,2.600176215164185e-05,0.0,nonrotating: inertia-buoyancy-viscous,0.0017709626173655667,0.0,0.0002278808214216228,0.00092467291437424,0.0017709626173655667,1.7709626173655667e+27,0.04833588103373401
8000000.0,0.7,,16,384,384,64,310.0,31,/share/org/SHUTUANL/shu_zhangjs/rainy model/rotating_case/Pr0p7/Ra8e6/norotating/AR16/Beta1p02/qbot0p5_qtop0p004978/N257x257x65/run/movie/field00031.h5,0.008122242583650985,0.0,0.001460933494849801,0.005821937253289146,0.0,inf,3.107286537828071e-05,2.825275573848712e-05,0.0,nonrotating: inertia-buoyancy-viscous,0.001695334901517477,0.0,0.00023043030999570933,0.0010175171220792424,0.001695334901517477,1.6953349015174768e+27,0.04833588103373401
8000000.0,0.7,,16,384,384,64,330.0,33,/share/org/SHUTUANL/shu_zhangjs/rainy model/rotating_case/Pr0p7/Ra8e6/norotating/AR16/Beta1p02/qbot0p5_qtop0p004978/N257x257x65/run/movie/field00033.h5,0.006597893423830648,0.0,0.0012754751709985097,0.005346286646218169,0.0,inf,2.8061814394779723e-05,2.3796385980406877e-05,0.0,nonrotating: inertia-buoyancy-viscous,0.0014878946404012108,0.0,0.00023215779791230245,0.0009787559894358041,0.0014878946404012108,1.4878946404012108e+27,0.04833588103373401
8000000.0,0.7,,16,384,384,64,350.0,35,/share/org/SHUTUANL/shu_zhangjs/rainy model/rotating_case/Pr0p7/Ra8e6/norotating/AR16/Beta1p02/qbot0p5_qtop0p004978/N257x257x65/run/movie/field00035.h5,0.006593814534285676,0.0,0.001226205177801209,0.005195571248612576,0.0,inf,2.2117298352646078e-05,2.1576371966002173e-05,0.0,nonrotating: inertia-buoyancy-viscous,0.001373210117213718,0.0,0.00016481043629481637,0.0008662454153254774,0.001373210117213718,1.373210117213718e+27,0.04833588103373401
8000000.0,0.7,,16,384,384,64,370.0,37,/share/org/SHUTUANL/shu_zhangjs/rainy model/rotating_case/Pr0p7/Ra8e6/norotating/AR16/Beta1p02/qbot0p5_qtop0p004978/N257x257x65/run/movie/field00037.h5,0.005693250049636815,0.0,0.001079173901847237,0.005459070738850569,0.0,inf,3.0336223591640593e-05,1.9549478703328424e-05,0.0,nonrotating: inertia-buoyancy-viscous,0.0012635777530697583,0.0,0.00012704191720068605,0.0007662644023564057,0.0012635777530697583,1.2635777530697582e+27,0.04833588103373401
8000000.0,0.7,,16,384,384,64,390.0,39,/share/org/SHUTUANL/shu_zhangjs/rainy model/rotating_case/Pr0p7/Ra8e6/norotating/AR16/Beta1p02/qbot0p5_qtop0p004978/N257x257x65/run/movie/field00039.h5,0.0065509095381111075,0.0,0.0012541525830591829,0.005729682040353971,0.0,inf,3.1588188101338646e-05,2.1983132191744543e-05,0.0,nonrotating: inertia-buoyancy-viscous,0.001289605149640053,0.0,0.00012680070780827563,0.0007260063071595812,0.001289605149640053,1.289605149640053e+27,0.04833588103373401
8000000.0,0.7,,16,384,384,64,410.0,41,/share/org/SHUTUANL/shu_zhangjs/rainy model/rotating_case/Pr0p7/Ra8e6/norotating/AR16/Beta1p02/qbot0p5_qtop0p004978/N257x257x65/run/movie/field00041.h5,0.008260734922041147,0.0,0.0014747474623877743,0.007011610739119342,0.0,inf,4.7955483726109506e-05,2.8132810900049234e-05,0.0,nonrotating: inertia-buoyancy-viscous,0.0016660903982717021,0.0,0.00017064389315942354,0.0008077341399948998,0.0016660903982717021,1.666090398271702e+27,0.04833588103373401
8000000.0,0.7,,16,384,384,64,430.0,43,/share/org/SHUTUANL/shu_zhangjs/rainy model/rotating_case/Pr0p7/Ra8e6/norotating/AR16/Beta1p02/qbot0p5_qtop0p004978/N257x257x65/run/movie/field00043.h5,0.009347354036257426,0.0,0.0016347469165330362,0.007782613789540916,0.0,inf,4.894865830416414e-05,3.218377009941365e-05,0.0,nonrotating: inertia-buoyancy-viscous,0.0018231809058902894,0.0,0.0002592704799028972,0.0009487712245346311,0.0018231809058902894,1.8231809058902892e+27,0.04833588103373401
8000000.0,0.7,,16,384,384,64,450.0,45,/share/org/SHUTUANL/shu_zhangjs/rainy model/rotating_case/Pr0p7/Ra8e6/norotating/AR16/Beta1p02/qbot0p5_qtop0p004978/N257x257x65/run/movie/field00045.h5,0.01240736118171389,0.0,0.0020147487404714487,0.00925600682309489,0.0,inf,7.103111097029122e-05,4.3009730096220386e-05,0.0,nonrotating: inertia-buoyancy-viscous,0.0024657525909368757,0.0,0.00027649786147128375,0.001078487013203837,0.0024657525909368757,2.4657525909368756e+27,0.04833588103373401
8000000.0,0.7,,16,384,384,64,470.0,47,/share/org/SHUTUANL/shu_zhangjs/rainy model/rotating_case/Pr0p7/Ra8e6/norotating/AR16/Beta1p02/qbot0p5_qtop0p004978/N257x257x65/run/movie/field00047.h5,0.013071479160791303,0.0,0.002083915473667217,0.010081328805248974,0.0,inf,7.377342469143489e-05,4.669715632705258e-05,0.0,nonrotating: inertia-buoyancy-viscous,0.0025158994622718157,0.0,0.0003673095867891397,0.0013351346272441646,0.0025158994622718157,2.5158994622718157e+27,0.04833588103373401
8000000.0,0.7,,16,384,384,64,490.0,49,/share/org/SHUTUANL/shu_zhangjs/rainy model/rotating_case/Pr0p7/Ra8e6/norotating/AR16/Beta1p02/qbot0p5_qtop0p004978/N257x257x65/run/movie/field00049.h5,0.014752954138943635,0.0,0.002300450570821147,0.009925708777398052,0.0,inf,5.4697147445037437e-05,5.245861776306104e-05,0.0,nonrotating: inertia-buoyancy-viscous,0.003014908707983844,0.0,0.0005283588968996238,0.0014237584181477998,0.003014908707983844,3.014908707983844e+27,0.04833588103373401
8000000.0,0.7,,16,384,384,64,510.0,51,/share/org/SHUTUANL/shu_zhangjs/rainy model/rotating_case/Pr0p7/Ra8e6/norotating/AR16/Beta1p02/qbot0p5_qtop0p004978/N257x257x65/run/movie/field00051.h5,0.012755108063924442,0.0,0.0021101181229605075,0.009469669258087435,0.0,inf,6.748611589556693e-05,4.963858987565505e-05,0.0,nonrotating: inertia-buoyancy-viscous,0.0024395588159160635,0.0,0.0006869582759900484,0.0015444550951341793,0.0024395588159160635,2.4395588159160634e+27,0.04833588103373401
8000000.0,0.7,,16,384,384,64,530.0,53,/share/org/SHUTUANL/shu_zhangjs/rainy model/rotating_case/Pr0p7/Ra8e6/norotating/AR16/Beta1p02/qbot0p5_qtop0p004978/N257x257x65/run/movie/field00053.h5,0.013439199796912613,0.0,0.002130123786485696,0.01008774079865745,0.0,inf,7.142548919832753e-05,5.1454845916232785e-05,0.0,nonrotating: inertia-buoyancy-viscous,0.0026911114070674144,0.0,0.0004712001097234474,0.001398614320853864,0.0026911114070674144,2.691111407067414e+27,0.04833588103373401
8000000.0,0.7,,16,384,384,64,550.0,55,/share/org/SHUTUANL/shu_zhangjs/rainy model/rotating_case/Pr0p7/Ra8e6/norotating/AR16/Beta1p02/qbot0p5_qtop0p004978/N257x257x65/run/movie/field00055.h5,0.012251139367659153,0.0,0.0020016736555796342,0.009237568121135329,0.0,inf,6.062980942585103e-05,4.983784324353073e-05,0.0,nonrotating: inertia-buoyancy-viscous,0.0026013292116714415,0.0,0.0005707505990686812,0.001502222336735671,0.0026013292116714415,2.6013292116714413e+27,0.04833588103373401
8000000.0,0.7,,16,384,384,64,570.0,57,/share/org/SHUTUANL/shu_zhangjs/rainy model/rotating_case/Pr0p7/Ra8e6/norotating/AR16/Beta1p02/qbot0p5_qtop0p004978/N257x257x65/run/movie/field00057.h5,0.013983802122856564,0.0,0.002221379850486015,0.009888601439893934,0.0,inf,6.263569600806028e-05,5.324697190744044e-05,0.0,nonrotating: inertia-buoyancy-viscous,0.0024023537645728207,0.0,0.000758048991716658,0.0015242631706226,0.0024023537645728207,2.4023537645728204e+27,0.04833588103373401
8000000.0,0.7,,16,384,384,64,590.0,59,/share/org/SHUTUANL/shu_zhangjs/rainy model/rotating_case/Pr0p7/Ra8e6/norotating/AR16/Beta1p02/qbot0p5_qtop0p004978/N257x257x65/run/movie/field00059.h5,0.014875594978298701,0.0,0.002223081130727992,0.010587192189621687,0.0,inf,6.623144926128362e-05,5.380225129059712e-05,0.0,nonrotating: inertia-buoyancy-viscous,0.0023882788720123505,0.0,0.0005102245606659824,0.001342964250826733,0.0023882788720123505,2.3882788720123503e+27,0.04833588103373401
8000000.0,0.7,,16,384,384,64,610.0,61,/share/org/SHUTUANL/shu_zhangjs/rainy model/rotating_case/Pr0p7/Ra8e6/norotating/AR16/Beta1p02/qbot0p5_qtop0p004978/N257x257x65/run/movie/field00061.h5,0.01194689679744799,0.0,0.0019994865912109417,0.009323956978234993,0.0,inf,5.3048336262143724e-05,5.0687120606833485e-05,0.0,nonrotating: inertia-buoyancy-viscous,0.002237487603318034,0.0,0.00039465274964152095,0.0013259191486667834,0.002237487603318034,2.2374876033180337e+27,0.04833588103373401
8000000.0,0.7,,16,384,384,64,630.0,63,/share/org/SHUTUANL/shu_zhangjs/rainy model/rotating_case/Pr0p7/Ra8e6/norotating/AR16/Beta1p02/qbot0p5_qtop0p004978/N257x257x65/run/movie/field00063.h5,0.011369434637249914,0.0,0.0018587385053038421,0.009294771200946223,0.0,inf,5.991517121272851e-05,4.941542735042798e-05,0.0,nonrotating: inertia-buoyancy-viscous,0.002203395407963017,0.0,0.00038606683943239053,0.0013185411690680752,0.002203395407963017,2.2033954079630168e+27,0.04833588103373401
8000000.0,0.7,,16,384,384,64,650.0,65,/share/org/SHUTUANL/shu_zhangjs/rainy model/rotating_case/Pr0p7/Ra8e6/norotating/AR16/Beta1p02/qbot0p5_qtop0p004978/N257x257x65/run/movie/field00065.h5,0.011756878454650642,0.0,0.0019693646704101045,0.008747355002289714,0.0,inf,4.840535977908894e-05,5.163714306683395e-05,0.0,nonrotating: inertia-buoyancy-viscous,0.002108826175157884,0.0,0.0004141101407976655,0.0012186701151774048,0.002108826175157884,2.1088261751578839e+27,0.04833588103373401
8000000.0,0.7,,16,384,384,64,670.0,67,/share/org/SHUTUANL/shu_zhangjs/rainy model/rotating_case/Pr0p7/Ra8e6/norotating/AR16/Beta1p02/qbot0p5_qtop0p004978/N257x257x65/run/movie/field00067.h5,0.012276999918484691,0.0,0.002075058541660941,0.009271437047151259,0.0,inf,5.353872819762328e-05,5.214026988980242e-05,0.0,nonrotating: inertia-buoyancy-viscous,0.002224763192444063,0.0,0.0005621883482291762,0.0013464522304552178,0.002224763192444063,2.224763192444063e+27,0.04833588103373401
8000000.0,0.7,,16,384,384,64,690.0,69,/share/org/SHUTUANL/shu_zhangjs/rainy model/rotating_case/Pr0p7/Ra8e6/norotating/AR16/Beta1p02/qbot0p5_qtop0p004978/N257x257x65/run/movie/field00069.h5,0.01283472719661079,0.0,0.0021457576678549054,0.010072039507311639,0.0,inf,6.859510386340649e-05,5.536507037561065e-05,0.0,nonrotating: inertia-buoyancy-viscous,0.002341978914318644,0.0,0.0005212409914356332,0.001273387734263263,0.002341978914318644,2.3419789143186439e+27,0.04833588103373401
8000000.0,0.7,,16,384,384,64,710.0,71,/share/org/SHUTUANL/shu_zhangjs/rainy model/rotating_case/Pr0p7/Ra8e6/norotating/AR16/Beta1p02/qbot0p5_qtop0p004978/N257x257x65/run/movie/field00071.h5,0.014997407398923282,0.0,0.0023984814979242067,0.010968895880689817,0.0,inf,7.09492882205179e-05,5.944989907715508e-05,0.0,nonrotating: inertia-buoyancy-viscous,0.002402329547044796,0.0,0.0004052145526184004,0.0012875481322946272,0.002402329547044796,2.402329547044796e+27,0.04833588103373401
8000000.0,0.7,,16,384,384,64,730.0,73,/share/org/SHUTUANL/shu_zhangjs/rainy model/rotating_case/Pr0p7/Ra8e6/norotating/AR16/Beta1p02/qbot0p5_qtop0p004978/N257x257x65/run/movie/field00073.h5,0.012764061135242588,0.0,0.002163226771849217,0.009817308262425653,0.0,inf,6.34604479542401e-05,5.6383003124377376e-05,0.0,nonrotating: inertia-buoyancy-viscous,0.002545514605144755,0.0,0.0004522164705779412,0.0012986764308193825,0.002545514605144755,2.545514605144755e+27,0.04833588103373401
8000000.0,0.7,,16,384,384,64,750.0,75,/share/org/SHUTUANL/shu_zhangjs/rainy model/rotating_case/Pr0p7/Ra8e6/norotating/AR16/Beta1p02/qbot0p5_qtop0p004978/N257x257x65/run/movie/field00075.h5,0.013292656289323171,0.0,0.0022063083459923738,0.009527586725527898,0.0,inf,5.273316362046586e-05,5.42156638391877e-05,0.0,nonrotating: inertia-buoyancy-viscous,0.0024936324417045123,0.0,0.0005903187441074173,0.0014424663868338125,0.0024936324417045123,2.493632441704512e+27,0.04833588103373401
8000000.0,0.7,,16,384,384,64,770.0,77,/share/org/SHUTUANL/shu_zhangjs/rainy model/rotating_case/Pr0p7/Ra8e6/norotating/AR16/Beta1p02/qbot0p5_qtop0p004978/N257x257x65/run/movie/field00077.h5,0.013102381958321687,0.0,0.0021331341221104056,0.010807829768634513,0.0,inf,7.662800404449701e-05,5.532457848529593e-05,0.0,nonrotating: inertia-buoyancy-viscous,0.0021765146319578364,0.0,0.00048632919632351265,0.001308926367944089,0.0021765146319578364,2.1765146319578363e+27,0.04833588103373401
8000000.0,0.7,,16,384,384,64,790.0,79,/share/org/SHUTUANL/shu_zhangjs/rainy model/rotating_case/Pr0p7/Ra8e6/norotating/AR16/Beta1p02/qbot0p5_qtop0p004978/N257x257x65/run/movie/field00079.h5,0.01478753378397009,0.0,0.0022679423253436993,0.010559141530830892,0.0,inf,6.974363015199283e-05,5.922585034570379e-05,0.0,nonrotating: inertia-buoyancy-viscous,0.002470177901550304,0.0,0.0005139229601071839,0.0012330118597566988,0.002470177901550304,2.4701779015503038e+27,0.04833588103373401
8000000.0,0.7,,16,384,384,64,810.0,81,/share/org/SHUTUANL/shu_zhangjs/rainy model/rotating_case/Pr0p7/Ra8e6/norotating/AR16/Beta1p02/qbot0p5_qtop0p004978/N257x257x65/run/movie/field00081.h5,0.01181443430677472,0.0,0.0019221387404250584,0.00994241630708774,0.0,inf,7.073551745493591e-05,5.330793850058026e-05,0.0,nonrotating: inertia-buoyancy-viscous,0.002583365431680454,0.0,0.0005978665962308075,0.001439521336287712,0.002583365431680454,2.583365431680454e+27,0.04833588103373401
8000000.0,0.7,,16,384,384,64,830.0,83,/share/org/SHUTUANL/shu_zhangjs/rainy model/rotating_case/Pr0p7/Ra8e6/norotating/AR16/Beta1p02/qbot0p5_qtop0p004978/N257x257x65/run/movie/field00083.h5,0.012970861756405291,0.0,0.0020813846398622005,0.009532035645483784,0.0,inf,5.659168788791458e-05,5.7187593509267286e-05,0.0,nonrotating: inertia-buoyancy-viscous,0.0025407312410341944,0.0,0.0006116049936298036,0.0013969320607021176,0.0025407312410341944,2.5407312410341944e+27,0.04833588103373401
8000000.0,0.7,,16,384,384,64,850.0,85,/share/org/SHUTUANL/shu_zhangjs/rainy model/rotating_case/Pr0p7/Ra8e6/norotating/AR16/Beta1p02/qbot0p5_qtop0p004978/N257x257x65/conti1/run/movie/field00085.h5,0.012921809973281916,0.0,0.002067049214537048,0.009655541578253483,0.0,inf,5.491964840731428e-05,5.345194958059288e-05,0.0,nonrotating: inertia-buoyancy-viscous,0.0023876109536767557,0.0,0.0005947099481913418,0.0014109934064520844,0.0023876109536767557,2.3876109536767555e+27,0.04833588103373401
8000000.0,0.7,,16,384,384,64,870.0,87,/share/org/SHUTUANL/shu_zhangjs/rainy model/rotating_case/Pr0p7/Ra8e6/norotating/AR16/Beta1p02/qbot0p5_qtop0p004978/N257x257x65/conti1/run/movie/field00087.h5,0.011250925242231466,0.0,0.0019837931237063696,0.009952441810315672,0.0,inf,7.125238447044596e-05,5.215876646178374e-05,0.0,nonrotating: inertia-buoyancy-viscous,0.0023354310310485828,0.0,0.0003876754938803476,0.0012113430838202282,0.0023354310310485828,2.3354310310485827e+27,0.04833588103373401
8000000.0,0.7,,16,384,384,64,890.0,89,/share/org/SHUTUANL/shu_zhangjs/rainy model/rotating_case/Pr0p7/Ra8e6/norotating/AR16/Beta1p02/qbot0p5_qtop0p004978/N257x257x65/conti1/run/movie/field00089.h5,0.012849888048210998,0.0,0.002045326822254441,0.009659453768619038,0.0,inf,6.208854963618538e-05,5.414187984811364e-05,0.0,nonrotating: inertia-buoyancy-viscous,0.0027380976539686697,0.0,0.0004274390645454716,0.0013640076718746533,0.0027380976539686697,2.7380976539686695e+27,0.04833588103373401
8000000.0,0.7,,16,384,384,64,910.0,91,/share/org/SHUTUANL/shu_zhangjs/rainy model/rotating_case/Pr0p7/Ra8e6/norotating/AR16/Beta1p02/qbot0p5_qtop0p004978/N257x257x65/conti1/run/movie/field00091.h5,0.014173059339984825,0.0,0.0021477765047030715,0.009899526800354885,0.0,inf,6.163520915054332e-05,5.733262114239507e-05,0.0,nonrotating: inertia-buoyancy-viscous,0.002690187744632304,0.0,0.0010736525156193888,0.001626229788489528,0.002690187744632304,2.6901877446323037e+27,0.04833588103373401
8000000.0,0.7,,16,384,384,64,930.0,93,/share/org/SHUTUANL/shu_zhangjs/rainy model/rotating_case/Pr0p7/Ra8e6/norotating/AR16/Beta1p02/qbot0p5_qtop0p004978/N257x257x65/conti1/run/movie/field00093.h5,0.013194449268371397,0.0,0.002109126380783699,0.00948934029203383,0.0,inf,6.0713446123565884e-05,5.493291945740507e-05,0.0,nonrotating: inertia-buoyancy-viscous,0.0023101679940259346,0.0,0.0009530414638976775,0.001489637176527543,0.0023101679940259346,2.3101679940259343e+27,0.04833588103373401
8000000.0,0.7,,16,384,384,64,950.0,95,/share/org/SHUTUANL/shu_zhangjs/rainy model/rotating_case/Pr0p7/Ra8e6/norotating/AR16/Beta1p02/qbot0p5_qtop0p004978/N257x257x65/conti1/run/movie/field00095.h5,0.011854014762814568,0.0,0.0020274737063056395,0.009681532929851529,0.0,inf,6.728821210715212e-05,5.2122459073712414e-05,0.0,nonrotating: inertia-buoyancy-viscous,0.002333440586376759,0.0,0.0005318024649090572,0.0013197436580516973,0.002333440586376759,2.333440586376759e+27,0.04833588103373401
8000000.0,0.7,,16,384,384,64,970.0,97,/share/org/SHUTUANL/shu_zhangjs/rainy model/rotating_case/Pr0p7/Ra8e6/norotating/AR16/Beta1p02/qbot0p5_qtop0p004978/N257x257x65/conti1/run/movie/field00097.h5,0.01252531621051298,0.0,0.0020200094441087863,0.009426875643148536,0.0,inf,6.204011473209571e-05,5.1804562626380076e-05,0.0,nonrotating: inertia-buoyancy-viscous,0.0023717918419161963,0.0,0.00038882082426397756,0.0013042159781680785,0.0023717918419161963,2.3717918419161962e+27,0.04833588103373401
8000000.0,0.7,,16,384,384,64,990.0,99,/share/org/SHUTUANL/shu_zhangjs/rainy model/rotating_case/Pr0p7/Ra8e6/norotating/AR16/Beta1p02/qbot0p5_qtop0p004978/N257x257x65/conti1/run/movie/field00099.h5,0.014286291675952802,0.0,0.002172754397392127,0.009464019673582296,0.0,inf,5.35788911264962e-05,5.309079543529918e-05,0.0,nonrotating: inertia-buoyancy-viscous,0.0024253351687559426,0.0,0.0006479106454110422,0.0013518050689054545,0.0024253351687559426,2.4253351687559425e+27,0.04833588103373401
8000000.0,0.7,,16,384,384,64,1010.0,101,/share/org/SHUTUANL/shu_zhangjs/rainy model/rotating_case/Pr0p7/Ra8e6/norotating/AR16/Beta1p02/qbot0p5_qtop0p004978/N257x257x65/conti1/run/movie/field00101.h5,0.012300602442970088,0.0,0.002031698054134619,0.009155293571008439,0.0,inf,5.945855853908177e-05,4.9368514316427025e-05,0.0,nonrotating: inertia-buoyancy-viscous,0.002495838759857207,0.0,0.0007257466056121447,0.0013612920426973839,0.002495838759857207,2.495838759857207e+27,0.04833588103373401
8000000.0,0.7,,16,384,384,64,1030.0,103,/share/org/SHUTUANL/shu_zhangjs/rainy model/rotating_case/Pr0p7/Ra8e6/norotating/AR16/Beta1p02/qbot0p5_qtop0p004978/N257x257x65/conti1/run/movie/field00103.h5,0.012589029549014238,0.0,0.002061457361868446,0.009429717405244186,0.0,inf,6.572687065813729e-05,5.056045577839274e-05,0.0,nonrotating: inertia-buoyancy-viscous,0.0025919579624446507,0.0,0.0007734857501254885,0.0014613393523768376,0.0025919579624446507,2.5919579624446504e+27,0.04833588103373401
8000000.0,0.7,,16,384,384,64,1050.0,105,/share/org/SHUTUANL/shu_zhangjs/rainy model/rotating_case/Pr0p7/Ra8e6/norotating/AR16/Beta1p02/qbot0p5_qtop0p004978/N257x257x65/conti1/run/movie/field00105.h5,0.013144871003929534,0.0,0.002178083838365369,0.009244852708872434,0.0,inf,5.251672976652731e-05,5.368041071088767e-05,0.0,nonrotating: inertia-buoyancy-viscous,0.002474329357167,0.0,0.00044652812208348337,0.0014264165742905483,0.002474329357167,2.4743293571669998e+27,0.04833588103373401
8000000.0,0.7,,16,384,384,64,1070.0,107,/share/org/SHUTUANL/shu_zhangjs/rainy model/rotating_case/Pr0p7/Ra8e6/norotating/AR16/Beta1p02/qbot0p5_qtop0p004978/N257x257x65/conti1/run/movie/field00107.h5,0.012076684737618516,0.0,0.001979056145883334,0.009641753147274317,0.0,inf,5.914300946171948e-05,4.8270717993065485e-05,0.0,nonrotating: inertia-buoyancy-viscous,0.0024308128598198317,0.0,0.000486953149837293,0.0013535758537101862,0.0024308128598198317,2.4308128598198315e+27,0.04833588103373401
8000000.0,0.7,,16,384,384,64,1090.0,109,/share/org/SHUTUANL/shu_zhangjs/rainy model/rotating_case/Pr0p7/Ra8e6/norotating/AR16/Beta1p02/qbot0p5_qtop0p004978/N257x257x65/conti1/run/movie/field00109.h5,0.013142825529798235,0.0,0.002047423113911392,0.010392313931400318,0.0,inf,7.658756683230556e-05,5.256644770343831e-05,0.0,nonrotating: inertia-buoyancy-viscous,0.0027117190540685444,0.0,0.0007947902811505583,0.001501358010721574,0.0027117190540685444,2.711719054068544e+27,0.04833588103373401
8000000.0,0.7,,16,384,384,64,1110.0,111,/share/org/SHUTUANL/shu_zhangjs/rainy model/rotating_case/Pr0p7/Ra8e6/norotating/AR16/Beta1p02/qbot0p5_qtop0p004978/N257x257x65/conti1/run/movie/field00111.h5,0.014266107159320559,0.0,0.0022482239079478373,0.010291216801035164,0.0,inf,6.916817715991929e-05,5.967933460831772e-05,0.0,nonrotating: inertia-buoyancy-viscous,0.0030739630297679336,0.0,0.00059150719713317,0.001483272273816596,0.0030739630297679336,3.0739630297679334e+27,0.04833588103373401
8000000.0,0.7,,16,384,384,64,1130.0,113,/share/org/SHUTUANL/shu_zhangjs/rainy model/rotating_case/Pr0p7/Ra8e6/norotating/AR16/Beta1p02/qbot0p5_qtop0p004978/N257x257x65/conti1/run/movie/field00113.h5,0.01368138342745778,0.0,0.0022704513104332357,0.009568883981157149,0.0,inf,5.986877821527719e-05,5.905784474836813e-05,0.0,nonrotating: inertia-buoyancy-viscous,0.002580892329956712,0.0,0.0010904714351147183,0.0017153637096945936,0.002580892329956712,2.580892329956712e+27,0.04833588103373401
8000000.0,0.7,,16,384,384,64,1150.0,115,/share/org/SHUTUANL/shu_zhangjs/rainy model/rotating_case/Pr0p7/Ra8e6/norotating/AR16/Beta1p02/qbot0p5_qtop0p004978/N257x257x65/conti1/run/movie/field00115.h5,0.012462790924914447,0.0,0.002108552093495157,0.008938911445436975,0.0,inf,5.641209640534848e-05,5.5501566457265035e-05,0.0,nonrotating: inertia-buoyancy-viscous,0.0026124915699098747,0.0,0.000584417446308599,0.001525665461598755,0.0026124915699098747,2.6124915699098746e+27,0.04833588103373401
8000000.0,0.7,,16,384,384,64,1170.0,117,/share/org/SHUTUANL/shu_zhangjs/rainy model/rotating_case/Pr0p7/Ra8e6/norotating/AR16/Beta1p02/qbot0p5_qtop0p004978/N257x257x65/conti1/run/movie/field00117.h5,0.01254239723438406,0.0,0.0021082313700950136,0.009247611963999782,0.0,inf,5.097658193401473e-05,5.0953503410497415e-05,0.0,nonrotating: inertia-buoyancy-viscous,0.002329995277263514,0.0,0.0008023076193310079,0.0015677200352504088,0.002329995277263514,2.3299952772635136e+27,0.04833588103373401
8000000.0,0.7,,16,384,384,64,1190.0,119,/share/org/SHUTUANL/shu_zhangjs/rainy model/rotating_case/Pr0p7/Ra8e6/norotating/AR16/Beta1p02/qbot0p5_qtop0p004978/N257x257x65/conti1/run/movie/field00119.h5,0.011981064824641962,0.0,0.0019312865251807547,0.009579624832235721,0.0,inf,5.860432590019741e-05,4.6882535011784e-05,0.0,nonrotating: inertia-buoyancy-viscous,0.002289838372917458,0.0,0.0004422114639281512,0.0012727940744644765,0.002289838372917458,2.2898383729174578e+27,0.04833588103373401
8000000.0,0.7,,16,384,384,64,1210.0,121,/share/org/SHUTUANL/shu_zhangjs/rainy model/rotating_case/Pr0p7/Ra8e6/norotating/AR16/Beta1p02/qbot0p5_qtop0p004978/N257x257x65/conti1/run/movie/field00121.h5,0.012097432668928145,0.0,0.0019838971994558955,0.009730569066046139,0.0,inf,6.426467993841652e-05,4.866769608995083e-05,0.0,nonrotating: inertia-buoyancy-viscous,0.0021675125884038676,0.0,0.0004325676041321949,0.0011992799596660443,0.0021675125884038676,2.1675125884038675e+27,0.04833588103373401
8000000.0,0.7,,16,384,384,64,1230.0,123,/share/org/SHUTUANL/shu_zhangjs/rainy model/rotating_case/Pr0p7/Ra8e6/norotating/AR16/Beta1p02/qbot0p5_qtop0p004978/N257x257x65/conti1/run/movie/field00123.h5,0.011945516453296383,0.0,0.0019747411629977185,0.00947271016616466,0.0,inf,6.427217092543822e-05,5.1491196442596706e-05,0.0,nonrotating: inertia-buoyancy-viscous,0.0024988020425906077,0.0,0.00039469019702842705,0.0012304083178650217,0.0024988020425906077,2.4988020425906075e+27,0.04833588103373401
8000000.0,0.7,,16,384,384,64,1250.0,125,/share/org/SHUTUANL/shu_zhangjs/rainy model/rotating_case/Pr0p7/Ra8e6/norotating/AR16/Beta1p02/qbot0p5_qtop0p004978/N257x257x65/conti1/run/movie/field00125.h5,0.012061961499539971,0.0,0.0019557142922126385,0.008985634531143944,0.0,inf,5.1564963153964844e-05,4.989969752022578e-05,0.0,nonrotating: inertia-buoyancy-viscous,0.0023751666564173868,0.0,0.00047529186075931173,0.0014089793473005877,0.0023751666564173868,2.3751666564173865e+27,0.04833588103373401
8000000.0,0.7,,16,384,384,64,1270.0,127,/share/org/SHUTUANL/shu_zhangjs/rainy model/rotating_case/Pr0p7/Ra8e6/norotating/AR16/Beta1p02/qbot0p5_qtop0p004978/N257x257x65/conti1/run/movie/field00127.h5,0.012796179325683825,0.0,0.002033216660812185,0.009930593951265639,0.0,inf,6.601304920145149e-05,5.347743867447298e-05,0.0,nonrotating: inertia-buoyancy-viscous,0.0022367840647166343,0.0,0.000492313783212078,0.001295176814228328,0.0022367840647166343,2.236784064716634e+27,0.04833588103373401
8000000.0,0.7,,16,384,384,64,1290.0,129,/share/org/SHUTUANL/shu_zhangjs/rainy model/rotating_case/Pr0p7/Ra8e6/norotating/AR16/Beta1p02/qbot0p5_qtop0p004978/N257x257x65/conti1/run/movie/field00129.h5,0.013492353162344884,0.0,0.002139024381979096,0.010103976422802238,0.0,inf,6.657256218422737e-05,5.5901909310833525e-05,0.0,nonrotating: inertia-buoyancy-viscous,0.00228624124328327,0.0,0.00047020227030378133,0.00124825391097581,0.00228624124328327,2.2862412432832696e+27,0.04833588103373401
8000000.0,0.7,,16,384,384,64,1310.0,131,/share/org/SHUTUANL/shu_zhangjs/rainy model/rotating_case/Pr0p7/Ra8e6/norotating/AR16/Beta1p02/qbot0p5_qtop0p004978/N257x257x65/conti1/run/movie/field00131.h5,0.014295648947612543,0.0,0.0022834123585722525,0.010487665399777885,0.0,inf,7.239128770273741e-05,5.9803318034322554e-05,0.0,nonrotating: inertia-buoyancy-viscous,0.0027022744173162312,0.0,0.0005090564004912265,0.0013274801259037295,0.0027022744173162312,2.702274417316231e+27,0.04833588103373401
8000000.0,0.7,,16,384,384,64,1330.0,133,/share/org/SHUTUANL/shu_zhangjs/rainy model/rotating_case/Pr0p7/Ra8e6/norotating/AR16/Beta1p02/qbot0p5_qtop0p004978/N257x257x65/conti1/run/movie/field00133.h5,0.016161182795886818,0.0,0.002517766022746665,0.010442855971699744,0.0,inf,6.0395055062166334e-05,6.623529774683933e-05,0.0,nonrotating: inertia-buoyancy-viscous,0.0029098253709136535,0.0,0.0008040586786192841,0.0016492132826278283,0.0029098253709136535,2.9098253709136534e+27,0.04833588103373401
8000000.0,0.7,,16,384,384,64,1350.0,135,/share/org/SHUTUANL/shu_zhangjs/rainy model/rotating_case/Pr0p7/Ra8e6/norotating/AR16/Beta1p02/qbot0p5_qtop0p004978/N257x257x65/conti1/run/movie/field00135.h5,0.01390654310747552,0.0,0.002260273815741807,0.009012109222684793,0.0,inf,4.748531868417378e-05,5.662357170672759e-05,0.0,nonrotating: inertia-buoyancy-viscous,0.002581118141016838,0.0,0.0007502868865970255,0.0015606435973220553,0.002581118141016838,2.5811181410168374e+27,0.04833588103373401
8000000.0,0.7,,16,384,384,64,1370.0,137,/share/org/SHUTUANL/shu_zhangjs/rainy model/rotating_case/Pr0p7/Ra8e6/norotating/AR16/Beta1p02/qbot0p5_qtop0p004978/N257x257x65/conti1/run/movie/field00137.h5,0.012958440762987251,0.0,0.0022018638226410834,0.009287919153591171,0.0,inf,5.7789850597312005e-05,5.2198394168370284e-05,0.0,nonrotating: inertia-buoyancy-viscous,0.002269295650217679,0.0,0.0007629545421118263,0.0014489508936439749,0.002269295650217679,2.2692956502176787e+27,0.04833588103373401
8000000.0,0.7,,16,384,384,64,1390.0,139,/share/org/SHUTUANL/shu_zhangjs/rainy model/rotating_case/Pr0p7/Ra8e6/norotating/AR16/Beta1p02/qbot0p5_qtop0p004978/N257x257x65/conti1/run/movie/field00139.h5,0.012283652855889643,0.0,0.0019969645473156975,0.009686186584147112,0.0,inf,6.811634878557979e-05,4.873272031998414e-05,0.0,nonrotating: inertia-buoyancy-viscous,0.002534326248909337,0.0,0.00044283169667913813,0.0013313813762330456,0.002534326248909337,2.5343262489093366e+27,0.04833588103373401
8000000.0,0.7,,16,384,384,64,1410.0,141,/share/org/SHUTUANL/shu_zhangjs/rainy model/rotating_case/Pr0p7/Ra8e6/norotating/AR16/Beta1p02/qbot0p5_qtop0p004978/N257x257x65/conti1/run/movie/field00141.h5,0.013090043992526012,0.0,0.001983674242622744,0.009743121646525618,0.0,inf,6.62213158533404e-05,4.920255171425262e-05,0.0,nonrotating: inertia-buoyancy-viscous,0.0027731594198967895,0.0,0.0005040173078018478,0.0014807277450751006,0.0027731594198967895,2.773159419896789e+27,0.04833588103373401
8000000.0,0.7,,16,384,384,64,1430.0,143,/share/org/SHUTUANL/shu_zhangjs/rainy model/rotating_case/Pr0p7/Ra8e6/norotating/AR16/Beta1p02/qbot0p5_qtop0p004978/N257x257x65/conti1/run/movie/field00143.h5,0.012312557215072156,0.0,0.002034011043784474,0.009588326942327398,0.0,inf,6.108642968104392e-05,5.1635908673296095e-05,0.0,nonrotating: inertia-buoyancy-viscous,0.0027247282195373528,0.0,0.0004621102960438691,0.0015000323329480512,0.0027247282195373528,2.7247282195373523e+27,0.04833588103373401
8000000.0,0.7,,16,384,384,64,1450.0,145,/share/org/SHUTUANL/shu_zhangjs/rainy model/rotating_case/Pr0p7/Ra8e6/norotating/AR16/Beta1p02/qbot0p5_qtop0p004978/N257x257x65/conti1/run/movie/field00145.h5,0.012937619020133472,0.0,0.0020341212870539005,0.009893611208013605,0.0,inf,7.172058440171468e-05,5.355411135233202e-05,0.0,nonrotating: inertia-buoyancy-viscous,0.002755028716787298,0.0,0.0005443764013333361,0.0014491069992991319,0.002755028716787298,2.7550287167872977e+27,0.04833588103373401
8000000.0,0.7,,16,384,384,64,1470.0,147,/share/org/SHUTUANL/shu_zhangjs/rainy model/rotating_case/Pr0p7/Ra8e6/norotating/AR16/Beta1p02/qbot0p5_qtop0p004978/N257x257x65/conti1/run/movie/field00147.h5,0.012244025916658477,0.0,0.002003607209389526,0.008920632835365056,0.0,inf,5.408998160362285e-05,5.2896993617584684e-05,0.0,nonrotating: inertia-buoyancy-viscous,0.002625829057413413,0.0,0.000588707325187426,0.0014063070280095616,0.002625829057413413,2.6258290574134127e+27,0.04833588103373401
8000000.0,0.7,,16,384,384,64,1490.0,149,/share/org/SHUTUANL/shu_zhangjs/rainy model/rotating_case/Pr0p7/Ra8e6/norotating/AR16/Beta1p02/qbot0p5_qtop0p004978/N257x257x65/conti1/run/movie/field00149.h5,0.012950105294490677,0.0,0.0021255955477554045,0.009275263389257535,0.0,inf,4.962910311089822e-05,5.191880924455824e-05,0.0,nonrotating: inertia-buoyancy-viscous,0.002620825396542202,0.0,0.0018361042870182582,0.0017528870033782385,0.002620825396542202,2.620825396542202e+27,0.04833588103373401
8000000.0,0.7,,16,384,384,64,1510.0,151,/share/org/SHUTUANL/shu_zhangjs/rainy model/rotating_case/Pr0p7/Ra8e6/norotating/AR16/Beta1p02/qbot0p5_qtop0p004978/N257x257x65/conti1/run/movie/field00151.h5,0.011818277710995785,0.0,0.0019830756025709857,0.00928470601194152,0.0,inf,5.768056981138963e-05,4.90603656086583e-05,0.0,nonrotating: inertia-buoyancy-viscous,0.0022134247974038676,0.0,0.000787495541404216,0.0013354897091474793,0.0022134247974038676,2.2134247974038674e+27,0.04833588103373401
8000000.0,0.7,,16,384,384,64,1530.0,153,/share/org/SHUTUANL/shu_zhangjs/rainy model/rotating_case/Pr0p7/Ra8e6/norotating/AR16/Beta1p02/qbot0p5_qtop0p004978/N257x257x65/conti1/run/movie/field00153.h5,0.0119990489128052,0.0,0.0020509569964275855,0.009541209252358218,0.0,inf,5.37592318231768e-05,4.896753986617546e-05,0.0,nonrotating: inertia-buoyancy-viscous,0.0022005132445703647,0.0,0.00035611409993145757,0.0012228488117700092,0.0022005132445703647,2.2005132445703644e+27,0.04833588103373401
8000000.0,0.7,,16,384,384,64,1550.0,155,/share/org/SHUTUANL/shu_zhangjs/rainy model/rotating_case/Pr0p7/Ra8e6/norotating/AR16/Beta1p02/qbot0p5_qtop0p004978/N257x257x65/conti1/run/movie/field00155.h5,0.014530017172457619,0.0,0.0022876557398042795,0.010734198510905457,0.0,inf,8.252052046067937e-05,5.580646126202329e-05,0.0,nonrotating: inertia-buoyancy-viscous,0.0027753016986519583,0.0,0.0003971652936075142,0.0012810122730107637,0.0027753016986519583,2.7753016986519583e+27,0.04833588103373401
8000000.0,0.7,,16,384,384,64,1570.0,157,/share/org/SHUTUANL/shu_zhangjs/rainy model/rotating_case/Pr0p7/Ra8e6/norotating/AR16/Beta1p02/qbot0p5_qtop0p004978/N257x257x65/conti1/run/movie/field00157.h5,0.013985982194235223,0.0,0.0022141465977283735,0.00974397409946515,0.0,inf,6.788905502075793e-05,5.8326790828088464e-05,0.0,nonrotating: inertia-buoyancy-viscous,0.0031597003943736293,0.0,0.00047020930045690433,0.0014445345274774928,0.0031597003943736293,3.159700394373629e+27,0.04833588103373401
8000000.0,0.7,,16,384,384,64,1590.0,159,/share/org/SHUTUANL/shu_zhangjs/rainy model/rotating_case/Pr0p7/Ra8e6/norotating/AR16/Beta1p02/qbot0p5_qtop0p004978/N257x257x65/conti1/run/movie/field00159.h5,0.013141440390402381,0.0,0.00209290737707432,0.00856185141925055,0.0,inf,5.008631086975717e-05,5.355377417214798e-05,0.0,nonrotating: inertia-buoyancy-viscous,0.0029716031838175378,0.0,0.000666906593872254,0.0016926306790924078,0.0029716031838175378,2.9716031838175377e+27,0.04833588103373401
8000000.0,0.7,,16,384,384,64,1610.0,161,/share/org/SHUTUANL/shu_zhangjs/rainy model/rotating_case/Pr0p7/Ra8e6/norotating/AR16/Beta1p02/qbot0p5_qtop0p004978/N257x257x65/conti1/run/movie/field00161.h5,0.012716712077943327,0.0,0.0020337008511580506,0.008555854196061008,0.0,inf,4.256679683602339e-05,5.0347966935368746e-05,0.0,nonrotating: inertia-buoyancy-viscous,0.0026002064582608666,0.0,0.0007536242658188034,0.0016178000844169964,0.0026002064582608666,2.600206458260866e+27,0.04833588103373401
8000000.0,0.7,,16,384,384,64,1630.0,163,/share/org/SHUTUANL/shu_zhangjs/rainy model/rotating_case/Pr0p7/Ra8e6/norotating/AR16/Beta1p02/qbot0p5_qtop0p004978/N257x257x65/conti1/run/movie/field00163.h5,0.013124538249685454,0.0,0.0021688074957397405,0.009370707779606715,0.0,inf,4.83629103501002e-05,4.966898316044209e-05,0.0,nonrotating: inertia-buoyancy-viscous,0.0023721349312329975,0.0,0.0005282000958457135,0.0013584307987193074,0.0023721349312329975,2.3721349312329973e+27,0.04833588103373401
8000000.0,0.7,,16,384,384,64,1640.0,164,/share/org/SHUTUANL/shu_zhangjs/rainy model/rotating_case/Pr0p7/Ra8e6/norotating/AR16/Beta1p02/qbot0p5_qtop0p004978/N257x257x65/conti1/run/movie/field00164.h5,0.012034631052576229,0.0,0.00202309175113938,0.009840673737912512,0.0,inf,7.36677587561433e-05,4.817259648845624e-05,0.0,nonrotating: inertia-buoyancy-viscous,,,,,,,
