time,F_I,F_C,F_P,F_V,F_B,F_CP
1210.0,0.0001376928923604,0.0011880787990803,0.0014009807226354,0.0001777904201418,0.0007205858706838,0.0006544421036515981
1220.0,0.00082156571054,0.0029447691353288,0.0036650517245953,0.0004641738302162,0.0014056133350188,0.001335376447267317
1230.0,0.0014512783622453,0.0042824333710203,0.0055384895444188,0.0006437509299155,0.0017621795352389,0.002027331961203033
1240.0,0.0012821759063604,0.0054571840155502,0.0066686901481627,0.0008328007556538,0.0024750576228086,0.002492456737288742
1250.0,0.0017957600881248,0.0078649670720814,0.0095473986287685,0.0012559879622215,0.0036821432594926,0.0035768754545677873
1260.0,0.0029862456641349,0.011472872286377,0.0139988604830405,0.0018734489838106,0.005008817014458,0.005032123665525163
1270.0,0.0036685204331365,0.0145253371296577,0.0175646455100324,0.0023505993748634,0.0058680657483119,0.006040893105381689
1280.0,0.0036039791546699,0.0155184089650435,0.0184398858288183,0.0024828267092894,0.0059671209570406,0.00615363053586467
1290.0,0.0035637993770933,0.0156671291866201,0.0183808355377181,0.0025460993443694,0.0056989316341978,0.005869615374572427
1300.0,0.0032969521492674,0.0149626396409442,0.0174915148968535,0.0023215142535894,0.004945547996275,0.005366173820881267
1310.0,0.0023988603828625,0.0116860594535419,0.0134764415485313,0.0017139737734999,0.0038006246481448,0.004166833270072224
1320.0,0.0013589160352839,0.0078368528370258,0.0090010532990394,0.0010289031170513,0.0027206131484621,0.002964493939331636
1330.0,0.0003092050523644,0.0040212336157279,0.004630258056607,0.0003670425976751,0.0018990425838169,0.0019409791634609082
1340.0,2.756284930761921e-05,0.0021505646331679,0.0027110430844542,7.424722356169303e-05,0.0015207698592102,0.0015144813536950815
1350.0,8.433125666457223e-06,0.0015333327627342,0.0020754457312595,3.0136162148257018e-05,0.0013096589929815,0.001292840046804738
1360.0,3.930723849803508e-06,0.0012078573210074,0.0017192044093066,1.6491952302047537e-05,0.0011582861126226,0.0011366243657037565
1370.0,2.3197428537311384e-06,0.0010008984065051,0.0014803260715772,1.082008617297663e-05,0.0010417103234124,0.001017635522362801
1380.0,1.5355521029235057e-06,0.0008555975904617,0.0013057215490693,7.72405484289322e-06,0.0009487549366914,0.0009238813128346137
1390.0,1.086663249849065e-06,0.0007491884646429,0.0011727157939845,5.879364794525448e-06,0.0008723767559892,0.0008475673915680675
1400.0,8.103202438237561e-07,0.0006683477297328,0.0010678470906498,4.642150374150663e-06,0.0008076944665532,0.000783542720675665
1410.0,6.269816383011102e-07,0.0006054779650386,0.0009827866248582,3.755807641362593e-06,0.0007514846081257,0.0007279931331758742
1420.0,4.99761797901086e-07,0.0005560165680157,0.0009124705832819,3.101454887275283e-06,0.0007016057469385,0.0006790605443791548
1430.0,4.160833184626404e-07,0.0005206282379622,0.0008413336865317,3.171134500568475e-06,0.0006414981604421,0.0006214502265058349
1440.0,3.575617766828931e-07,0.0004987284555753,0.0007423327006781,3.856260637973161e-06,0.0005393072372864,0.0005234457477700836
1450.0,2.739858244727392e-07,0.0004697223750265,0.0006568377269376,3.213953967885934e-06,0.0004537695733319,0.0004402274837002047
1460.0,2.201278257432042e-07,0.0004367449476618,0.0005947327342112,2.797650098393774e-06,0.0003985160485973,0.0003865424343957296
1470.0,1.891713002019369e-07,0.0004045697000678,0.0005445526559332,3.2971175193184817e-06,0.0003592754740465,0.0003483150514388438
1480.0,1.902365220301967e-07,0.00037411229092,0.0005014398084161,5.398274917406588e-06,0.0003286613222652,0.00031847966711761276
1490.0,3.139849763109405e-07,0.0003525698223501,0.0004692310799111,1.0963361648760336e-05,0.0003047681097004,0.00029499046368871586
1500.0,1.0315677707528183e-06,0.000370935915375,0.0004754301115904,2.438220914358565e-05,0.0002943936686935,0.0002828214127934698
1510.0,5.697680367275423e-06,0.0005246723104222,0.0006193960814252,5.530316600819336e-05,0.0003262030687593,0.0003082019238816408
1520.0,5.3160878315029376e-05,0.0010289017781064,0.0011609283858716,0.0001356743491834,0.0005214581884681,0.00048254642620292385
1530.0,0.0004488678315824,0.0026244827503276,0.003042361944071,0.0003989449084979,0.0012982547044455,0.00116058131575387
1540.0,0.0014589128867631,0.0053739219418642,0.0065606892070044,0.0008386842005341,0.0023772684638432,0.0024031803272706186
1550.0,0.0022817289639706,0.0094268542670194,0.0113133929583247,0.0015540827741449,0.0042006023988512,0.004083917488935842
1560.0,0.0039404476019655,0.0153719085636747,0.0185166893586595,0.0026312137903427,0.0062709281528529,0.006230446911411813
1570.0,0.0049602825933493,0.0194437208543334,0.0233081861795954,0.0032252711053323,0.0068164212598927,0.007317037941732478
1580.0,0.0043645800386503,0.0185841902939441,0.0219403848234842,0.0028887553385141,0.0058943893888883,0.006566861356604167
1590.0,0.0033369158702286,0.0146413143664625,0.0171026882748841,0.0021711600300916,0.0043209316414562,0.005002704438258289
1600.0,0.0014865123844502,0.0091116366938064,0.0103319127949326,0.0011240793526411,0.0026768292534693,0.0030608120639465156
1610.0,0.0001492042792122,0.0038411274538958,0.004236623205355,0.000240009035222,0.0016406257394769,0.0016432156780275418
1620.0,2.723985211689544e-05,0.0023352671474511,0.002682387589291,7.286448298128349e-05,0.0012609840231961,0.0012492436107971957
1630.0,1.0428423064637433e-05,0.0016688872934853,0.0019904440978835,3.3139134722814924e-05,0.0010488720289101,0.0010308739085816616
1640.0,5.579896457124023e-06,0.0013253672289234,0.0016190254371747,1.888516229086106e-05,0.0009020477794705,0.0008830009034195876
1650.0,3.543602178871289e-06,0.0011080703254404,0.0013750611999028,1.2045588967260442e-05,0.0007903081657879,0.0007710517407564297
1660.0,2.4940171374153278e-06,0.0009560782421055,0.0011989910937012,8.508259584524676e-06,0.0007008814898597,0.0006821830048711349
1670.0,1.861734378876397e-06,0.0008430151920917,0.0010640597576626,6.430842754433595e-06,0.0006271531166735,0.0006092031874833837
1680.0,1.4409699548112957e-06,0.0007543439787953,0.0009556459949099,5.194385091425067e-06,0.0005644931303487,0.0005478331927705794
1690.0,1.206224974206967e-06,0.000684956286145,0.0008650296137268,5.629196917389639e-06,0.0005076797959896,0.0004919980970858193
1700.0,1.3381024801590229e-06,0.0006374604515608,0.0007941097194507,7.971061276330215e-06,0.0004557062429944,0.0004415407920740445
