time,kinetic_energy,lc_w_z05,lc_w_z_weighted,convective_wavelength_z05_2pi_lc,convective_wavelength_z_weighted_2pi_lc
0.1,3.7568784e-12,0.0162939255,0.0164764254,0.10237775329787879,0.10352443398812054
0.2,1.16075969e-11,0.0167393903,0.016930838,0.10517669118410448,0.10637959255983781
0.3,2.059579885e-11,0.0172064233,0.0174168824,0.10811114606767248,0.10943349959255473
0.4,2.939897955e-11,0.017696842,0.0179292871,0.1111925376378786,0.11265303327492449
0.5,3.744858355e-11,0.0182116784,0.0184677192,0.11442735014195984,0.11603610193455834
0.6,4.45415483e-11,0.0187516431,0.0190323145,0.11782004841139547,0.119583558828021
0.7,5.06544955e-11,0.0193171919,0.0196231294,0.12137349632204851,0.12329575832696378
0.8,5.5849591e-11,0.01990854,0.020240019,0.12508904601539708,0.12717178999783568
0.9,6.02253215e-11,0.0205256652,0.0208826013,0.12896655800472734,0.13120925366384933
1.0,6.3890629e-11,0.0211683073,0.0215502477,0.13300439740522238,0.13540419971472067
1.1,6.695165e-11,0.0218359693,0.0222420837,0.13719944147378452,0.13975113350489857
1.2,6.9505398e-11,0.0225279204,0.022956997,0.14154709845859126,0.14424306624736583
1.3,7.16372685e-11,0.0232432033,0.0236936508,0.14604135346634808,0.14887159858000384
1.4,7.3420601e-11,0.0239806452,0.024450503,0.15067483757732666,0.1536270412027504
1.5,7.491731e-11,0.0247388746,0.0252258297,0.15543893340287826,0.15849856253245442
1.6,7.61790065e-11,0.0255163412,0.026017753,0.16032390012082112,0.16347436337542762
1.7,7.724829e-11,0.026311342,0.0268242724,0.16531903746657717,0.1685418742194629
1.8,7.81600435e-11,0.0271220492,0.0276432987,0.17041286103404185,0.17368796823381655
1.9,7.8942639e-11,0.0279465415,0.0284726884,0.17559329893928458,0.17889917741078265
2.0,7.9619015e-11,0.0287828373,0.0293102794,0.18084790042230053,0.1841619168754085
2.1,8.02076165e-11,0.0296289277,0.0301539246,0.18616404319212623,0.18946269600052107
2.2,8.0723196e-11,0.0304828093,0.0310015238,0.19152913951531725,0.19478831884033826
2.3,8.1177494e-11,0.0313425145,0.0318510526,0.19693082659646313,0.20012606571452415
2.4,8.15798065e-11,0.0322061401,0.0327005873,0.2023571462772873,0.20546384965950337
2.5,8.19374555e-11,0.0330718722,0.0335483262,0.207796701487961,0.21079035026030796
2.6,8.22561795e-11,0.0339380063,0.0343926056,0.2132387825391282,0.21609511418154237
2.7,8.25404535e-11,0.0348029649,0.0352319119,0.21867347770596685,0.22136863119392564
2.8,8.27937505e-11,0.0356653088,0.0360648893,0.2240917442281828,0.22660238255481827
2.9,8.3018756e-11,0.0365237462,0.0368903429,0.22948546548699625,0.23178886048609676
3.0,8.32175405e-11,0.0373771362,0.0377072388,0.23484747299629025,0.236921568802472
3.1,8.33917005e-11,0.0382244897,0.0385147005,0.24017155205747745,0.24199500029202226
3.2,8.35428455e-11,0.0390650191,0.0393120497,0.2454527540338099,0.24700489307015364
3.3,8.37027685e-11,0.0399043506,0.0401014526,0.2507264293824629,0.2519648577728786
3.4,8.39481495e-11,0.0407560494,0.040882309,0.2560778107687654,0.25687112323237576
3.5,8.425009e-11,0.041607949,0.0416507203,0.2614304538186775,0.26169919382240653
3.6,8.45908305e-11,0.0424555176,0.0424069291,0.26675588439302433,0.26645059384372644
3.7,8.49717135e-11,0.043298431,0.0431509304,0.2720520654831291,0.27112529188040896
3.8,8.539454e-11,0.0441365292,0.0438829212,0.2773179917793428,0.2757245257199596
3.9,8.58625745e-11,0.0449697751,0.0446030574,0.2825534301754904,0.28024927491096774
4.0,8.64080675e-11,0.0458005392,0.0453110907,0.2877732749623427,0.2846979793385216
4.1,8.70772345e-11,0.0466316255,0.0460067725,0.29299514419150097,0.28906907700275386
4.2,8.7831864e-11,0.0474580688,0.0466913241,0.29818784059127795,0.2933702415578801
4.3,8.86631945e-11,0.0482784466,0.0473653297,0.30334242633057423,0.29760514364075685
4.4,8.95749825e-11,0.0490924207,0.0480293652,0.30845677643611896,0.30177740173780254
4.5,9.05716785e-11,0.0498996213,0.048683698,0.31352856738598556,0.3058886959727682
4.6,9.16588555e-11,0.0506999493,0.0493288578,0.31855717651650994,0.3099423545489111
4.7,9.2842695e-11,0.0514932032,0.0499652861,0.3235413377658528,0.3139411514925444
4.8,9.4129238e-11,0.0522792141,0.0505933642,0.32847998990401583,0.31788748258222566
4.9,9.55260795e-11,0.0530578221,0.0512136076,0.33337212824966833,0.3217845867999808
5.0,9.70407365e-11,0.053828974,0.0518265001,0.338217418537352,0.3256355039508613
5.1,9.86824885e-11,0.0545924702,0.0524323851,0.34301460664327943,0.32944239168070183
5.2,1.00459478e-10,0.0553482156,0.0530317037,0.34776309503652797,0.3332080215025413
5.3,1.02382466e-10,0.0560960778,0.0536248932,0.35246205182336293,0.3369351410533145
5.4,1.04462127e-10,0.0568359236,0.0542122657,0.35711064008350146,0.34062571131515584
5.5,1.067105355e-10,0.057567655,0.0547944393,0.36170824406478347,0.3442836159249037
5.6,1.091420805e-10,0.058291029,0.0553715822,0.3662533369531792,0.3479099117143267
5.7,1.117713855e-10,0.0590059805,0.0559442554,0.37074550971332515,0.3515081235503822
5.8,1.1461635e-10,0.0597122544,0.056512658,0.3751831595046496,0.3550795024152649
5.9,1.176961485e-10,0.0604097291,0.0570772956,0.37956552229181906,0.35862722508746603
6.0,1.21031018e-10,0.0610981736,0.0576385619,0.3838911466590277,0.3621537652570411
6.1,1.246429505e-10,0.0617774439,0.0581968121,0.38815912782759115,0.36566135471141115
6.2,1.28555057e-10,0.0624472451,0.0587524163,0.3923676128861624,0.3691523188574584
6.3,1.327910475e-10,0.0631073329,0.0593058571,0.3965150668525709,0.3726296899604121
6.4,1.373772205e-10,0.0637573361,0.059857436,0.40059915740843066,0.3760953624006424
6.5,1.42339666e-10,0.064396959,0.0604075387,0.4046180266158462,0.37955175960272225
6.6,1.47705945e-10,0.0650258358,0.0609564896,0.4085693760856323,0.3830009198319652
6.7,1.53507598e-10,0.0656436956,0.0615047087,0.41245150370288924,0.3864454820262005
6.8,1.59776168e-10,0.0662500626,0.062052451,0.4162614199280479,0.38988704839768124
6.9,1.66545624e-10,0.0668444472,0.0626000122,0.41999604851358163,0.39332747688430286
7.0,1.738529005e-10,0.0674265596,0.0631477798,0.42365356859238873,0.3967692022203719
7.1,1.817373405e-10,0.0679959639,0.0636960581,0.42723124132399354,0.40021413637917724
7.2,1.90241474e-10,0.0685524585,0.0642452263,0.4307278000182383,0.40366466194458756
7.3,1.994103455e-10,0.0690956731,0.0647956054,0.4341409180116038,0.4071227958190862
7.4,2.092929175e-10,0.0696252485,0.065347544,0.4374683383839275,0.41059072832107146
7.5,2.199410475e-10,0.0701409263,0.0659013572,0.44070843756012623,0.41407043928223364
7.6,2.314125405e-10,0.0706424593,0.0664574211,0.4438596623367919,0.4175642918085666
7.7,2.43767156e-10,0.0711296677,0.067016087,0.4469208829972064,0.4210744931830689
7.8,2.570697735e-10,0.0716023138,0.0675777204,0.4498906060282221,0.4246033399099702
7.9,2.713911445e-10,0.0720602458,0.0681426646,0.4527678776423095,0.4281529890067865
8.0,2.868051655e-10,0.072503477,0.0687113522,0.45555278140583305,0.43172615857948177
8.1,3.033933865e-10,0.0729318802,0.069284176,0.45824451809762173,0.43532531666324453
8.2,3.21242615e-10,0.0733454847,0.069861537,0.4608432718150052,0.43895298281538303
8.3,3.40445075e-10,0.0737443225,0.0704438484,0.463349243619913,0.4426117532480662
8.4,3.611023275e-10,0.0741284052,0.0710315654,0.46576250639729483,0.4463044880672458
8.5,3.833207515e-10,0.0744978802,0.0716251336,0.46808398628866504,0.4500339870602949
8.6,4.07216829e-10,0.0748529782,0.0722250347,0.4703151328248739,0.45380327683757576
8.7,4.32914088e-10,0.0751938229,0.0728317473,0.4724567232359439,0.4576153645315765
8.8,4.60547729e-10,0.0755206402,0.0734457584,0.474510176893436,0.4614733100535417
8.9,4.902598945e-10,0.0758337078,0.0740676102,0.47647723863790997,0.4653805201465448
9.0,5.22205445e-10,0.0761332771,0.0746977934,0.478359488062152,0.4693400779696163
9.1,5.5654935e-10,0.0764196645,0.0753368958,0.4801589131659934,0.47335567677907947
9.2,5.9347176e-10,0.0766931678,0.0759854311,0.48187738508201855,0.4774305442472268
9.3,6.3316288e-10,0.0769542852,0.0766440875,0.4835180340931475,0.4815690044621866
9.4,6.7582877e-10,0.0772032787,0.0773133528,0.48508250639393075,0.4857741223617517
9.5,7.2169145e-10,0.0774405286,0.0779938057,0.48657319147974054,0.49004953402525947
9.6,7.7099027e-10,0.0776664493,0.0786860626,0.4879926931025682,0.4943991124081331
9.7,8.239772e-10,0.077881514,0.0793907237,0.48934398446570126,0.49882662867819416
9.8,8.80929265e-10,0.0780860983,0.0801083234,0.4906294255335409,0.5033354405696706
9.9,9.4214458e-10,0.0782805822,0.0808393752,0.4918514039165039,0.5079287744982178
10.0,1.007939345e-09,0.0784653977,0.0815843746,0.4930126339506429,0.5126097437821554
10.1,1.078653615e-09,0.0786410084,0.0823437524,0.49411602852066644,0.5173810552177138
10.2,1.154655695e-09,0.0788077717,0.0831178005,0.4951638332370032,0.5222445428666841
10.3,1.236344575e-09,0.0789660676,0.0839067449,0.49615843571006996,0.5272016267289457
10.4,1.324143705e-09,0.0791163806,0.0847107693,0.497102880143148,0.5322534610256395
10.5,1.4185075e-09,0.0792590758,0.0855297675,0.49799946052719307,0.5373993784824861
10.6,1.519929145e-09,0.0793944619,0.0863634477,0.4988501164815095,0.5426375456660126
10.7,1.6289353e-09,0.0795229484,0.0872112986,0.4996574209704804,0.5479647499835716
10.8,1.74609877e-09,0.0796449621,0.0880726469,0.500424055657595,0.5533767609664957
10.9,1.872029105e-09,0.0797607412,0.0889462411,0.5011515171975934,0.558865715208373
11.0,2.007381455e-09,0.07987071,0.0898307819,0.5018424715460016,0.564423448966534
11.1,2.15286336e-09,0.0799751435,0.0907243092,0.502498646578779,0.5700376465694578
11.2,2.309236095e-09,0.0800743632,0.0916245635,0.5031220623400018,0.5756941111599431
11.3,2.4773134e-09,0.0801686936,0.0925288345,0.5037147577233021,0.5813758134208517
11.4,2.657972655e-09,0.0802583943,0.0934338973,0.5042783638435858,0.5870624907078864
11.5,2.852159275e-09,0.0803437636,0.0943360576,0.5048147549750301,0.5927309310495671
11.6,3.060890905e-09,0.0804250801,0.095231202,0.5053256816130614,0.5983552891914512
11.7,3.285258515e-09,0.0805025116,0.0961147303,0.5058121980761743,0.6039066612244887
11.8,3.526433475e-09,0.0805764018,0.0969817082,0.5062764638951588,0.609354044027418
11.9,3.785677515e-09,0.08064692,0.0978270406,0.5067195428132875,0.6146654241427808
12.0,4.06434031e-09,0.0807143014,0.0986453807,0.5071429126357446,0.6198072066353767
12.1,4.363891055e-09,0.0807787374,0.0994314115,0.5075477759641981,0.6247459838089273
12.2,4.68589063e-09,0.080840453,0.100180059,0.5079355465153419,0.6294498747811841
12.3,5.03201815e-09,0.0808995961,0.100886422,0.508307153572283,0.6338880844043194
12.4,5.4040896e-09,0.0809563526,0.101546291,0.5086637651791699,0.6380341636097826
12.5,5.8040441e-09,0.0810108868,0.10215607,0.5090064136633486,0.6418655180632094
12.6,6.2339757e-09,0.0810633798,0.102713094,0.5093362369096784,0.6453654030757557
12.7,6.69612825e-09,0.0811139398,0.103215538,0.5096539147588095,0.6485223518342362
12.8,7.1929212e-09,0.0811627391,0.103662819,0.5099605298035702,0.6513327012416169
12.9,7.7269423e-09,0.0812098896,0.104055199,0.5102567851323963,0.653798097492448
13.0,8.30097935e-09,0.0812555155,0.104394118,0.5105434611169032,0.6559275883735719
13.1,8.918032e-09,0.0812997249,0.104681905,0.5108212369694223,0.6577358074235693
13.2,9.5813188e-09,0.0813426149,0.104921518,0.5110907227872473,0.6592413403045785
13.3,1.02942891e-08,0.0813842878,0.105116917,0.5113525613402349,0.6604690684304161
13.4,1.106067795e-08,0.0814248174,0.105272237,0.5116072163274608,0.6614449727723273
13.5,1.18844663e-08,0.0814643067,0.105392008,0.5118553349170115,0.6621975161597534
13.6,1.27699566e-08,0.0815027937,0.105480766,0.512097155869929,0.662755199121248
13.7,1.37217617e-08,0.0815403425,0.105543051,0.5123330819383912,0.6631465473181057
13.8,1.474482645e-08,0.081577016,0.105583242,0.5125635083347541,0.6633990748187866
13.9,1.58444814e-08,0.0816128664,0.105605447,0.5127887630412905,0.6635385929485326
14.0,1.702643895e-08,0.0816479308,0.105613376,0.5130090791641756,0.6635884123248331
14.1,1.829683365e-08,0.0816822431,0.105610429,0.5132246697033911,0.663569895777733
14.2,1.966223965e-08,0.0817158325,0.105599492,0.5134357181279481,0.6635011765800283
14.3,2.112974515e-08,0.0817487366,0.105583113,0.513642460685614,0.663398264287882
14.4,2.270692135e-08,0.0817809809,0.105563475,0.5138450575976143,0.6632748750948196
14.5,2.440191395e-08,0.081812573,0.105542239,0.5140435566161573,0.6631414453716363
14.6,2.62234428e-08,0.0818435385,0.105520857,0.5142381185907867,0.6630070983033982
14.7,2.818086775e-08,0.0818738827,0.105500481,0.5144287768223849,0.6628790721195791
14.8,3.028421235e-08,0.0819036241,0.105481858,0.5146156475498799,0.6627620603596035
14.9,3.2544229e-08,0.0819327782,0.105465622,0.5147988281626439,0.6626600465629561
15.0,3.49724179e-08,0.0819613667,0.105452113,0.5149784550057982,0.6625751670126414
15.1,3.75810879e-08,0.0819893921,0.105441593,0.5151545437873061,0.66250906790321
15.2,4.03834534e-08,0.0820168492,0.105434108,0.5153270618346039,0.6624620382611857
15.3,4.339360435e-08,0.0820437765,0.105429667,0.5154962510503258,0.6624341346352365
15.4,4.66266372e-08,0.0820701554,0.105428082,0.5156619945672254,0.6624241757865247
15.5,5.0098649e-08,0.0820960199,0.10542918,0.5158245060136029,0.6624310747239919
15.6,5.38268955e-08,0.0821213717,0.105432737,0.5159837960708735,0.6624534240141295
15.7,5.78297655e-08,0.0821462115,0.105438508,0.5161398691372667,0.6624896842765373
15.8,6.2126917e-08,0.0821705651,0.105446208,0.5162928873189636,0.6625380648034025
15.9,6.6739302e-08,0.0821944542,0.10545554,0.5164429869610855,0.6625966994886892
16.0,7.16892485e-08,0.0822178842,0.105466226,0.5165902019928326,0.6626638416068816
16.1,7.70006665e-08,0.0822408617,0.105477986,0.5167345738832284,0.6627377318660941
16.2,8.2698928e-08,0.0822634111,0.105490574,0.5168762559419942,0.6628168246027409
16.3,8.88112365e-08,0.0822855344,0.10550376,0.5170152607355004,0.6628996746842013
16.4,9.5366416e-08,0.0823072571,0.105517368,0.5171517484849727,0.6629851762698614
16.5,1.023953005e-07,0.0823285942,0.105531223,0.5172858134381905,0.6630722298022924
16.6,1.09930744e-07,0.082349556,0.10554521,0.5174175203119625,0.6631601127151839
16.7,1.180076765e-07,0.0823701573,0.10555922,0.5175469620974313,0.6632481401413375
16.8,1.26663337e-07,0.0823904114,0.105573193,0.5176742223609615,0.6633359350896347
16.9,1.35937558e-07,0.0824103228,0.105587115,0.5177993293768869,0.6634234095954813
17.0,1.458726425e-07,0.0824299059,0.105600979,0.5179223736230759,0.66351051967658
17.1,1.565137055e-07,0.082449162,0.105614824,0.5180433632676695,0.6635975103771579
17.2,1.67908855e-07,0.0824681042,0.105628709,0.5181623806203951,0.6636847524051481
17.3,1.801094935e-07,0.0824867207,0.105642734,0.5182793515396662,0.6637728740790814
17.4,1.931703825e-07,0.0825050147,0.105656978,0.5183942961316758,0.6638623717705968
17.5,2.071498955e-07,0.0825229722,0.105671554,0.5185071264318295,0.6639539554796342
17.6,2.221103905e-07,0.0825405948,0.105686602,0.5186178524932238,0.6640485048521367
17.7,2.381184365e-07,0.0825578788,0.105702305,0.518726451068073,0.6641471697110153
17.8,2.552449225e-07,0.0825748036,0.105718763,0.51883279272276,0.6642505783748008
17.9,2.73565683e-07,0.0825913667,0.10573616,0.5189368617493214,0.6643598869495898
18.0,2.93161707e-07,0.0826075577,0.105754656,0.5190385928026299,0.6644761007450315
18.1,3.14119521e-07,0.0826233615,0.105774402,0.5191378910065876,0.664600168522107
18.2,3.365316075e-07,0.0826387745,0.105795576,0.519234733741727,0.6647332086878013
18.3,3.604966895e-07,0.0826537819,0.105818316,0.5193290280169061,0.6648760883216865
18.4,3.86120567e-07,0.0826683804,0.105842776,0.5194207530976129,0.6650297750343002
18.5,4.13516259e-07,0.0826825608,0.105869056,0.5195098511785428,0.6651948971441728
18.6,4.428045305e-07,0.0826963128,0.105897322,0.5195962575428872,0.6653724976600656
18.7,4.741146925e-07,0.0827096347,0.105927668,0.5196799615092309,0.6655631672013972
18.8,5.0758496e-07,0.0827225288,0.105960202,0.5197609775289002,0.665767584352181
18.9,5.43363815e-07,0.0827349868,0.105995015,0.519839253451457,0.6659863208822798
19.0,5.816098e-07,0.0827470015,0.106032174,0.5199147440379672,0.6662197977651094
19.1,6.22493035e-07,0.0827585855,0.106071756,0.5199875284565655,0.6664684988059382
19.2,6.6619565e-07,0.0827697311,0.106113794,0.5200575583267252,0.6667326313498814
19.3,7.1291307e-07,0.0827804377,0.106158334,0.5201248298785351,0.6670124844234631
19.4,7.6285415e-07,0.0827907052,0.106205402,0.5201893424836765,0.6673082213895015
19.5,8.16243825e-07,0.0828005257,0.106254967,0.5202510465049858,0.6676196474692518
19.6,8.733229e-07,0.0828098997,0.106307046,0.5203099450840551,0.6679468694768644
19.7,9.34349105e-07,0.082818842,0.10636161,0.5203661312120277,0.6682897051999653
19.8,9.99599315e-07,0.0828273321,0.106418605,0.5204194760836041,0.668647815346548
19.9,1.06937064e-06,0.0828353972,0.106477987,0.520470150601425,0.6690209234564589
20.0,1.143983135e-06,0.0828430389,0.10653968,0.5205181648185869,0.6694085520076148
20.1,1.223779275e-06,0.0828502699,0.106603582,0.5205635985315431,0.6698100601151142
20.2,1.309126345e-06,0.0828571103,0.106669629,0.5206065780323184,0.6702250456550976
20.3,1.400420925e-06,0.0828635804,0.106737735,0.5206472308695743,0.6706529682736283
20.4,1.4980878e-06,0.0828696947,0.106807785,0.520685648149498,0.6710931054043963
20.5,1.60258389e-06,0.0828754975,0.106879656,0.5207221082171986,0.6715446842156085
20.6,1.714400225e-06,0.0828810098,0.106953226,0.5207567430195673,0.6720069381586578
20.7,1.83406426e-06,0.0828862718,0.107028368,0.5207898051406536,0.6724790692690098
20.8,1.96214396e-06,0.0828913207,0.107104938,0.5208215283149511,0.6729601727679805
20.9,2.099249685e-06,0.0828962031,0.107182803,0.5208522053388949,0.6734494129919241
21.0,2.24603861e-06,0.0829009536,0.107261837,0.5208820536106966,0.6739459982594918
21.1,2.403219395e-06,0.0829056159,0.10734188,0.5209113477055543,0.6744489232610343
21.2,2.571551625e-06,0.0829102253,0.107422774,0.5209403094199092,0.6749571952532732
21.3,2.751855815e-06,0.0829148284,0.107504378,0.5209692315501967,0.6754699283070803
21.4,2.94501563e-06,0.0829194634,0.107586528,0.5209983541140955,0.6759860919800652
21.5,3.151981385e-06,0.0829241738,0.107669075,0.5210279504301664,0.6765047500776169
21.6,3.373777885e-06,0.0829290182,0.107751858,0.5210583886930684,0.6770248910069012
21.7,3.611508165e-06,0.0829340569,0.107834731,0.5210900477788758,0.677545597422863
21.8,3.86635995e-06,0.0829393408,0.107917529,0.5211232475017203,0.6780658325999269
21.9,4.13961373e-06,0.0829449401,0.108000092,0.5211584289412109,0.6785845912284436
22.0,4.43265219e-06,0.0829508976,0.108082288,0.5211958610176785,0.6791010439279525
22.1,4.746965535e-06,0.0829572783,0.108163948,0.521235952138168,0.6796141288401367
22.2,5.0841609e-06,0.0829641573,0.108244924,0.521279174169896,0.680122916053571
22.3,5.44596885e-06,0.0829715946,0.108325039,0.5213259041039812,0.6806262934444557
22.4,5.83425985e-06,0.082979669,0.108404168,0.5213766370554255,0.6811234756146275
22.5,6.25104945e-06,0.0829884488,0.108482152,0.5214318021657853,0.6816134635376225
22.6,6.6985117e-06,0.0829979855,0.108558822,0.5214917230191043,0.682095195355124
22.7,7.1789965e-06,0.0830083627,0.108634049,0.5215569248896741,0.6825678605362272
22.8,7.69503565e-06,0.0830196292,0.108707662,0.5216277143969373,0.6830303846562447
22.9,8.2493609e-06,0.0830318616,0.108779486,0.521704572832889,0.6834816681577475
23.0,8.844926e-06,0.0830450973,0.108849373,0.5217877351886591,0.6839207811293103
23.1,9.48491665e-06,0.083059411,0.108917145,0.5218776708181905,0.6843466051639486
23.2,1.01727741e-05,0.0830748464,0.108982651,0.5219746542966809,0.6847581915006806
23.3,1.091221375e-05,0.0830914747,0.109045707,0.5220791329869243,0.6851543840334102
23.4,1.1707242e-05,0.0831093261,0.10910615,0.522191296641117,0.685534158602932
23.5,1.256218615e-05,0.0831284431,0.109163796,0.5223114122946343,0.6858963591031496
23.6,1.348172435e-05,0.0831488595,0.109218441,0.5224396923191398,0.6862397037642605
23.7,1.44709003e-05,0.0831705942,0.109269882,0.5225762554668357,0.6865629170996471
23.8,1.553516665e-05,0.0831936798,0.109317905,0.5227213065695632,0.6868646545076539
23.9,1.668040715e-05,0.0832181139,0.109362291,0.5228748305476772,0.6871435399706983
24.0,1.79129658e-05,0.0832439007,0.109402814,0.5230368537905564,0.6873981534889011
24.1,1.923970535e-05,0.0832710567,0.109439239,0.5232074799707582,0.6876270185137151
24.2,2.066801075e-05,0.083299554,0.109471347,0.5233865337874125,0.687828759027558
24.3,2.22058658e-05,0.0833293786,0.109498893,0.5235739272759251,0.6880018356500296
24.4,2.38618631e-05,0.0833605194,0.109521661,0.5237695906929388,0.6881448912131035
24.5,2.56452926e-05,0.0833929055,0.109539411,0.5239730785606157,0.688256417752306
24.6,2.756615e-05,0.0834265108,0.109551959,0.5241842268878191,0.6883352591615405
24.7,2.96351904e-05,0.0834612764,0.109559174,0.5244026655949344,0.6883805923435317
24.8,3.186403525e-05,0.0834971298,0.109560991,0.5246279391510268,0.6883920088912349
24.9,3.426516415e-05,0.0835339809,0.10955745,0.5248594814411002,0.6883697601320622
25.0,3.68519603e-05,0.0835717675,0.109548773,0.5250969016510285,0.6883152409331518
25.1,3.963885935e-05,0.083610377,0.109535364,0.525339492294146,0.6882309897013678
25.2,4.26413237e-05,0.0836496885,0.109517834,0.5255864937333492,0.688120845462933
25.3,4.58759409e-05,0.0836895721,0.109497168,0.5258370897828666,0.6879909971553748
25.4,4.93604685e-05,0.0837299175,0.1094746,0.5260905874073589,0.6878491982293624
25.5,5.311384e-05,0.0837705683,0.109451614,0.526346003916644,0.6877047729318915
25.6,5.71562855e-05,0.0838113673,0.109429794,0.5266023515939916,0.6875676738284888
25.7,6.15093115e-05,0.0838521778,0.10941074,0.5268587715279702,0.6874479540156458
25.8,6.6195762e-05,0.0838928244,0.109395929,0.527114161647877,0.6873548937580612
25.9,7.12398225e-05,0.083933145,0.109386732,0.5273675034493738,0.687297107302791
26.0,7.66669515e-05,0.0839729884,0.109384458,0.5276178469148418,0.6872828193394026
26.1,8.25039725e-05,0.0840121604,0.109390441,0.5278639718496946,0.6873204116370955
26.2,8.87788975e-05,0.08405048,0.109405901,0.5281047409973917,0.6874175496819444
26.3,9.5520868e-05,0.0840877878,0.109431926,0.5283391528181949,0.6875810695795638
26.4,0.000102759946,0.0841239376,0.109469225,0.5285662887104123,0.6878154261083362
26.5,0.0001105270965,0.0841587704,0.109518252,0.5287851496475803,0.6881234718343913
26.6,0.000118853789,0.0841921515,0.109579205,0.5289948892846378,0.6885064508284199
26.7,0.00012777172,0.0842239527,0.109652275,0.5291947021172284,0.6889655631788154
26.8,0.0001373126235,0.084254058,0.10973756,0.5293838592958567,0.6895014246377382
26.9,0.000147507649,0.0842823738,0.109835136,0.5295617727143778,0.6901145127272716
27.0,0.0001583872045,0.0843088083,0.109944951,0.5297278655763803,0.6908045007217796
27.1,0.0001699802905,0.0843333184,0.110066816,0.5298818670765778,0.691570201099239
27.2,0.0001823141915,0.0843558234,0.110200361,0.530023270161916,0.6924092890810862
27.3,0.000195413902,0.0843762999,0.110345347,0.5301519278058584,0.693320262986033
27.4,0.0002093017955,0.0843947578,0.110501817,0.5302679022119398,0.6943033929910475
27.5,0.0002239971075,0.0844111429,0.110670033,0.5303708528315164,0.6953603252906799
27.6,0.000239515715,0.0844254968,0.110850288,0.5304610410450972,0.6964929008582257
27.7,0.0002558695995,0.084437827,0.111042706,0.5305385139765717,0.6977018988086625
27.8,0.000273066727,0.084448173,0.111247309,0.5306035198117598,0.6989874573720674
27.9,0.000291110578,0.0844565765,0.11146397,0.5306563205594887,0.7003487785839062
28.0,0.0003100000215,0.0844630608,0.111692192,0.5306970626179761,0.7017827397010813
28.1,0.000329729066,0.0844677018,0.111931119,0.5307262228809867,0.7032839623169698
28.2,0.000350286739,0.084470551,0.112179441,0.530744124932564,0.7048442154588193
28.3,0.000371656969,0.0844716676,0.112435556,0.5307511407372779,0.7064534334637677
28.4,0.000393818696,0.0844710843,0.112697598,0.5307474757552882,0.7080998919080315
28.5,0.000416745754,0.0844688684,0.112963486,0.530733552844966,0.7097705154829869
28.6,0.000440407081,0.0844650947,0.113231066,0.5307098419885724,0.7114517702074821
28.7,0.000464767027,0.0844598194,0.113498114,0.5306766963011214,0.7131296822773937
28.8,0.000489785337,0.0844531146,0.113762404,0.5306345688002738,0.7147902653222282
28.9,0.000515418095,0.0844450474,0.114021645,0.5305838810877638,0.7164191245644468
29.0,0.000541617125,0.0844357032,0.114273517,0.5305251697476164,0.7180016830141367
29.1,0.00056833094,0.0844251691,0.114515748,0.530458982045272,0.7195236652742801
29.2,0.000595504725,0.0844135311,0.114746141,0.530385858334667,0.7209712671867571
29.3,0.00062308062,0.0844009086,0.114962775,0.5303065488281272,0.7223324187525927
29.4,0.00065099832,0.0843874313,0.115163843,0.5302218684547867,0.7235957662559367
29.5,0.000679195435,0.0843732283,0.115347797,0.5301326283738689,0.7247515833259336
29.6,0.000707608075,0.0843584777,0.115513241,0.5300399476206767,0.7257910986358946
29.7,0.000736170565,0.0843433754,0.115659231,0.5299450570712122,0.7267083808588898
29.8,0.00076481712,0.0843281691,0.115785125,0.5298495130704756,0.7274993961899519
29.9,0.000793481415,0.0843130807,0.115890764,0.5297547098572868,0.7281631456026169
30.0,0.000822097,0.0842984157,0.115976346,0.529662566944757,0.7287008731675759
30.1,0.00085059875,0.0842845061,0.116042593,0.5295751703504082,0.7291171153446206
30.2,0.00087892234,0.0842717118,0.116090445,0.5294947813926325,0.7294177783279399
30.3,0.000907005065,0.0842604363,0.116121191,0.5294239353367015,0.7296109611433944
30.4,0.00093478647,0.0842511306,0.11613635,0.5293654658991884,0.729706207949466
30.5,0.0009622088,0.0842442279,0.11613773,0.5293220949559685,0.7297148787451898
30.6,0.000989217035,0.0842402773,0.116127382,0.529297272604094,0.7296498603436311
30.7,0.001015759725,0.0842397671,0.11610749,0.5292940669229503,0.7295248752215007
30.8,0.001041789045,0.0842432461,0.116080298,0.529315926124634,0.7293540228466279
30.9,0.00106726072,0.0842513265,0.1160481,0.5293666967751901,0.7291517168461074
31.0,0.0010921346,0.0842645951,0.116013135,0.529450065847757,0.7289320252718419
31.1,0.00111637407,0.0842836251,0.115977529,0.5295696348641525,0.7287083061757943
31.2,0.00113994647,0.0843089908,0.115943359,0.5297290122576989,0.728493609733848
31.3,0.001162822705,0.0843412847,0.115912506,0.5299319208156905,0.7282997546175656
31.4,0.001184977685,0.0843810821,0.115886651,0.5301819752546344,0.7281373028614485
31.5,0.00120638948,0.0844289327,0.11586726,0.5304826294414942,0.728015465615157
31.6,0.001227039615,0.0844853547,0.115855606,0.5308371393228958,0.7279422413735871
31.7,0.001246912425,0.0845508166,0.115852725,0.5312484485711558,0.7279241395167172
31.8,0.001265995225,0.0846258108,0.115859319,0.5317196510267196,0.7279655708406327
31.9,0.001284277645,0.0847107247,0.115876037,0.5322531807955749,0.7280706131325981
32.0,0.00130175094,0.0848059156,0.115903383,0.5328512828598321,0.7282424331180082
32.1,0.001318409205,0.084911683,0.115941699,0.5335158390334906,0.7284831796462381
32.2,0.00133424866,0.0850282971,0.115991021,0.5342485470332206,0.7287930789119589
32.3,0.001349267955,0.0851559886,0.116051057,0.5350508563898723,0.7291702962250607
32.4,0.0013634681,0.0852948156,0.116121348,0.5359231321565122,0.7296119476034876
32.5,0.00137685176,0.0854448889,0.116201373,0.5368660705100722,0.7301147595076947
32.6,0.00138942431,0.0856062028,0.116290352,0.537879635636396,0.7306738310531422
32.7,0.001401192655,0.0857786306,0.116387336,0.5389630314559053,0.7312831994969736
32.8,0.001412165485,0.0859620256,0.116491247,0.5401153362253155,0.731936091565428
32.9,0.00142235311,0.0861562105,0.116600982,0.5413354359358715,0.7326255769051114
33.0,0.00143176804,0.0863607712,0.116715321,0.542620728720538,0.733343990029949
33.1,0.001440423765,0.0865753989,0.116832938,0.5439692743316917,0.7340829994362236
33.2,0.00144833577,0.0867995438,0.116952336,0.545377618274051,0.7348331991955303
33.3,0.001455520775,0.0870326363,0.117072011,0.5468421816452647,0.735585139397167
33.4,0.00146199572,0.0872739979,0.117190519,0.548358701304102,0.7363297471215502
33.5,0.001467778525,0.0875228307,0.117306617,0.5499221638970064,0.7370592123693431
33.6,0.001472887545,0.0877782481,0.117418945,0.5515269987518844,0.7377649900085279
33.7,0.00147734157,0.088039134,0.117526198,0.5531661932056148,0.7384388804822789
33.8,0.00148115961,0.08830426,0.117627021,0.554832028993366,0.7390723700745047
33.9,0.001484361405,0.088572181,0.117720261,0.5565154262840509,0.7396582142725461
34.0,0.001486966575,0.0888412001,0.117804839,0.5582057231405216,0.7401896335194567
34.1,0.00148899512,0.0891093614,0.117879749,0.5598906302806358,0.7406603069308175
34.2,0.00149046752,0.089374399,0.117944001,0.5615559106348058,0.7410640141531745
34.3,0.001491404515,0.0896338525,0.117996627,0.5631861050539022,0.7413946730631501
34.4,0.001491826875,0.089885014,0.118036703,0.5647641993004314,0.7416464779975206
34.5,0.001491755515,0.0901250915,0.118063365,0.5662726507210158,0.7418140002841807
34.6,0.001491211,0.0903512534,0.118075914,0.5676936678481396,0.7418928479766004
34.7,0.001490213885,0.0905606852,0.118073783,0.5690095666567558,0.7418794585087108
34.8,0.00148878407,0.0907507288,0.118056536,0.5702036458119993,0.7417710924117179
34.9,0.00148694162,0.0909186782,0.1180239,0.5712589030144289,0.7415660343760327
35.0,0.00148470616,0.0910620334,0.117975643,0.5721596303007768,0.7412628267026642
35.1,0.00148209723,0.0911783186,0.117911635,0.5728902717608592,0.7408606525775222
35.2,0.001479134045,0.091265263,0.117831745,0.5734365595374807,0.7403586889033317
35.3,0.001475835515,0.0913208951,0.117735982,0.5737861063308082,0.7397569922287602
35.4,0.001472219855,0.0913439367,0.117624436,0.5739308809733822,0.7390561280404856
35.5,0.00146830478,0.091334184,0.117497366,0.5738696029520368,0.7382577236835023
35.6,0.001464107375,0.0912926072,0.117355027,0.5736083682131573,0.7373633813700636
35.7,0.001459644,0.0912213732,0.117197682,0.5731607917909857,0.7363747535779055
35.8,0.00145493049,0.0911235231,0.117025675,0.5725459814803596,0.7352940017227734
35.9,0.001449981885,0.0910023265,0.116839462,0.5717844807839595,0.7341239909371676
36.0,0.00144481271,0.0908606664,0.116639665,0.5708944041250259,0.7328686293623491
36.1,0.001439437445,0.0907004521,0.116426961,0.5698877479892658,0.7315321707147707
36.2,0.00143386972,0.0905228984,0.116202076,0.5687721451901905,0.7301191765869657
36.3,0.00142812281,0.0903291675,0.115965865,0.5675548980457638,0.7286350191023714
36.4,0.0014222092,0.0901213295,0.115719206,0.5662490133778902,0.7270852148976878
36.5,0.001416141415,0.0899029806,0.115462905,0.5648770867775714,0.7254748282202724
36.6,0.001409931435,0.0896792839,0.115197795,0.5634715589588668,0.7238090929634861
36.7,0.001403591245,0.0894558548,0.114924771,0.5620677125205504,0.7220936325781786
36.8,0.001397132365,0.0892372609,0.11464467,0.5606942465398314,0.7203337060904523
36.9,0.001390566155,0.0890258787,0.114358236,0.5593660930065921,0.7185339881901757
37.0,0.00138390352,0.0888222114,0.114066182,0.5580864136196791,0.7166989587884726
37.1,0.001377154435,0.088625647,0.113769186,0.5568513630696846,0.7148328778849814
37.2,0.001370328275,0.0884354766,0.113467905,0.555656487206544,0.712939873532449
37.3,0.001363433815,0.0882512862,0.113162874,0.5544991847915406,0.7110233072350148
37.4,0.00135647998,0.0880730101,0.112854643,0.5533790430193993,0.7090866347445975
37.5,0.001349475285,0.087901028,0.112543739,0.5522984476155814,0.7071331672998542
37.6,0.001342427825,0.0877364159,0.112230668,0.5512641592874774,0.7051660841925502
37.7,0.001335345715,0.0875807499,0.111915845,0.55028608096345,0.703187992944588
37.8,0.001328236645,0.0874356181,0.111599581,0.5493741909700854,0.7012008476265982
37.9,0.00132110819,0.0873021078,0.1112822,0.5485353210147683,0.6992066839906201
38.0,0.00131396715,0.0871805744,0.110964086,0.5477717041415567,0.697207914779812
38.1,0.001306820095,0.0870706942,0.110645635,0.5470813064833668,0.6952070281355555
38.2,0.00129967289,0.0869719385,0.110327182,0.5464608061201266,0.6932061289249281
38.3,0.00129253134,0.0868839379,0.110009104,0.5459078820431836,0.6912075859087911
38.4,0.00128540043,0.0868067647,0.109691877,0.5454229885268356,0.6892143898833504
38.5,0.001278284675,0.086740556,0.109376001,0.5450069869957881,0.6872296824412597
38.6,0.001271188505,0.0866852119,0.109061922,0.544659249759829,0.6852562658831661
38.7,0.00126411564,0.0866404165,0.108750074,0.5443777919607198,0.6832968671114927
38.8,0.0012570695,0.0866057273,0.108441005,0.544159833288962,0.681354929311788
38.9,0.00125005309,0.0865801421,0.108135289,0.5439990767362407,0.6794340590324183
39.0,0.00124306939,0.0865618327,0.10783354,0.5438840353831774,0.6775381141491622
39.1,0.001236121075,0.0865492073,0.107536351,0.5438047076554002,0.6756708205909068
39.2,0.00122921066,0.0865417323,0.1072443,0.543757740845229,0.6738358100387597
39.3,0.00122234026,0.0865397556,0.106957933,0.5437453208728323,0.6720365131118986
39.4,0.001215511625,0.086543764,0.106677895,0.5437705063928175,0.6702769824648466
39.5,0.00120872614,0.0865544942,0.106404926,0.5438379262278007,0.6685618676547311
39.6,0.00120198503,0.0865730492,0.106139765,0.5439545107311754,0.6668958119554941
39.7,0.00119528958,0.0866000145,0.105883072,0.5441239387079392,0.6652829622694382
39.8,0.001188640925,0.086634383,0.10563538,0.5443398823621689,0.6637266675343323
39.9,0.00118203991,0.0866736352,0.105397256,0.5445865112084834,0.6622304903162455
40.0,0.001175487495,0.0867149235,0.105169407,0.5448459332484018,0.66079887282719
40.1,0.00116898482,0.086756135,0.104952443,0.5451048727396887,0.659435647810203
40.2,0.00116253328,0.0867961095,0.104746707,0.5453560399307504,0.6581429703978451
40.3,0.00115613422,0.0868343911,0.10455239,0.5455965703174058,0.6569220406785099
40.4,0.001149788725,0.0868712376,0.104369673,0.5458280837048268,0.655773995908738
40.5,0.001143497625,0.0869077097,0.104198806,0.5460572446676688,0.6547004068848561
40.6,0.00113726162,0.0869453683,0.104040014,0.5462938606298778,0.6537026873235584
40.7,0.001131081515,0.0869854402,0.10389329,0.5465456398031885,0.6527807932425478
40.8,0.0011249584,0.0870283465,0.103758415,0.546815228036934,0.651933348624242
40.9,0.001118893265,0.0870738322,0.103635059,0.5471010231188608,0.6511582800174895
41.0,0.001112887345,0.0871214041,0.103522861,0.5473999261819753,0.6504533191923946
41.1,0.00110694146,0.0871708394,0.103421385,0.5477105373325915,0.6498157266801633
41.2,0.001101056825,0.0872222118,0.103330134,0.548033319641466,0.6492423797376978
41.3,0.00109523443,0.0872758216,0.103248608,0.5483701599491467,0.6487301367723447
41.4,0.00108947499,0.0873319307,0.103176258,0.5487227038218658,0.6482755483153703
41.5,0.00108377906,0.0873905778,0.10311249,0.5490911944188945,0.647874882154702
41.6,0.001078147125,0.0874515757,0.103056702,0.5494744555279434,0.6475243558127851
41.7,0.001072579015,0.087514443,0.103008372,0.5498694624236053,0.647220689466889
41.8,0.00106707462,0.0875786341,0.102967063,0.5502727869999771,0.6469611373650348
41.9,0.00106163371,0.0876435961,0.102932292,0.550680955283902,0.6467426647287189
42.0,0.001056256035,0.0877086826,0.102903459,0.5510899058243979,0.646561501646757
42.1,0.00105094132,0.0877729798,0.102879985,0.5514938970467306,0.6464140101548562
42.2,0.00104568898,0.0878354716,0.102861445,0.5518865446063098,0.6462975198992611
42.3,0.00104049838,0.0878954862,0.102847508,0.5522636274592461,0.646209951145635
42.4,0.00103536894,0.0879530251,0.102837883,0.5526251550303174,0.6461494754870534
42.5,0.00103030002,0.0880085299,0.102832275,0.5529739019741553,0.6461142393838507
42.6,0.00102529108,0.0880622897,0.102830403,0.5533116847596322,0.6461024772609556
42.7,0.001020341515,0.0881139437,0.102832019,0.5536362364134892,0.646112630888412
42.8,0.001015450475,0.0881627122,0.102836967,0.5539426579361425,0.646143720089312
42.9,0.0010106169,0.0882083556,0.102845247,0.5542294438763922,0.6461957448636554
43.0,0.00100583954,0.0882514593,0.102856974,0.5545002724109173,0.6462694277777528
43.1,0.00100111704,0.0882933612,0.102872261,0.5547635498133402,0.6463654788315436
43.2,0.00099644827,0.0883353697,0.102891085,0.5550274970033168,0.6464837535117659
43.3,0.000991832155,0.0883782896,0.102913407,0.5552971706883825,0.6466240067741927
43.4,0.000987267635,0.0884222159,0.102939232,0.5555731677711412,0.6467862700347508
43.5,0.000982753755,0.0884668341,0.102968496,0.555853512189814,0.6469701411695801
43.6,0.00097828963,0.0885120913,0.10300108,0.556137871563898,0.6471748724796291
43.7,0.000973874455,0.0885584111,0.103036911,0.5564289074506895,0.6474000052923706
43.8,0.000969507115,0.0886060659,0.103075983,0.5567283313898662,0.6476455019086927
43.9,0.00096518672,0.0886547036,0.103118185,0.5570339310718811,0.6479106648950264
44.0,0.000960912265,0.0887032014,0.10316336,0.5573386517362717,0.6481945077912782
44.1,0.000956682725,0.0887502054,0.103211448,0.5576339865784504,0.6484966536063299
44.2,0.000952497185,0.0887946437,0.103262354,0.5579132006520864,0.6488165054375772
44.3,0.00094835447,0.088835948,0.103315852,0.5581727232229697,0.6491526432851407
44.4,0.000944253415,0.0888738266,0.103371742,0.5584107214859463,0.6495038105119589
44.5,0.000940192625,0.0889082319,0.103429958,0.5586268963613954,0.6498695924278017
44.6,0.00093617066,0.0889392041,0.10349048,0.5588215004333664,0.6502498633689628
44.7,0.000932186215,0.088966924,0.103553212,0.558995669701763,0.6506440201496528
44.8,0.00092823789,0.0889916358,0.103618025,0.5591509385204368,0.6510512522389671
44.9,0.000924324265,0.0890138217,0.103684844,0.5592903366413434,0.6514710883980075
45.0,0.00092044382,0.0890341466,0.10375367,0.5594180417543934,0.6519035349099594
45.1,0.000916595115,0.0890534129,0.103824513,0.559539095487477,0.6523486546066759
45.2,0.000912776465,0.0890724267,0.103897279,0.5596585627162707,0.6528058568687382
45.3,0.000908986595,0.089091893,0.103971689,0.5597808730864159,0.6532733886874454
45.4,0.00090522417,0.0891123483,0.104047404,0.5599093975268298,0.6537491200629785
45.5,0.00090148753,0.0891342799,0.104124268,0.5600471978337127,0.6542320708184296
45.6,0.00089777491,0.0891581179,0.104202249,0.5601969764050653,0.6547220398918687
45.7,0.00089408476,0.0891843026,0.104281106,0.5603614997273781,0.655217513035637
45.8,0.00089041539,0.0892132934,0.104360474,0.5605436542959816,0.6557161968870971
45.9,0.00088676554,0.0892453591,0.104440175,0.560745129031086,0.6562169730392647
46.0,0.000883133775,0.0892805254,0.104520207,0.5609660854105539,0.656719828925769
46.1,0.00087951903,0.089318496,0.104600524,0.5612046617265787,0.6572244755200857
46.2,0.00087592036,0.0893587223,0.104681001,0.5614574110237008,0.6577301274240516
46.3,0.000872337155,0.0894004831,0.104761486,0.5617198018686769,0.6582358295934999
46.4,0.000868768765,0.089443001,0.104841842,0.561986949713249,0.6587407212320436
46.5,0.00086521474,0.089485758,0.104921907,0.5622555998674281,0.6592437844636629
46.6,0.000861674435,0.0895284936,0.105001534,0.5625241155614416,0.6597440956601177
46.7,0.00085814735,0.0895713209,0.105080699,0.5627932074235478,0.6602415040249606
46.8,0.000854633135,0.089614563,0.105159466,0.5630649055509194,0.6607364116820512
46.9,0.00085113132,0.0896586507,0.105237941,0.5633419167397867,0.6612294846490322
47.0,0.00084764164,0.0897039134,0.105316199,0.56362631067139,0.6617211941648015
47.1,0.000844164115,0.0897503512,0.105394258,0.5639180879740477,0.6622116533266946
47.2,0.00084069862,0.0897975691,0.105472123,0.5642147667895636,0.6627008935506381
47.3,0.000837245185,0.0898448586,0.105549699,0.5645118954811474,0.6631883179340279
47.4,0.00083380417,0.0898912256,0.105626591,0.5648032279342855,0.6636714446186676
47.5,0.000830375925,0.0899357035,0.10570251,0.5650826908220598,0.6641484577640033
47.6,0.00082696079,0.08997739,0.105777512,0.5653446148263674,0.6646197092284124
47.7,0.000823559145,0.0900156176,0.105851622,0.5655848059210161,0.6650853560915275
47.8,0.00082017163,0.090050034,0.105924666,0.5658010505398222,0.6655443050791051
47.9,0.00081679913,0.090080648,0.105996419,0.5659934039748161,0.6659951424744511
48.0,0.00081344234,0.0901077126,0.106066701,0.5661634558718809,0.6664367373042103
48.1,0.000810101895,0.0901316124,0.106135425,0.5663136227440855,0.666868542931261
48.2,0.00080677858,0.0901527037,0.106202583,0.5664461432903547,0.6672905090901206
48.3,0.00080347289,0.0901712448,0.106268222,0.5665626404574536,0.6677029310904984
48.4,0.00080018548,0.0901873882,0.106332378,0.5666640724311416,0.6681060351270659
48.5,0.00079691697,0.0902013562,0.106395111,0.5667518359635123,0.6685001981909412
48.6,0.000793667985,0.090213402,0.106456508,0.5668275219570855,0.6688859669192461
48.7,0.00079043918,0.0902238901,0.106516705,0.5668934206329057,0.6692641958251824
48.8,0.000787231125,0.09023328,0.10657586,0.5669524191146216,0.6696358776520286
48.9,0.000784044375,0.0902421276,0.106634141,0.5670080102249454,0.6700020679749163
49.0,0.00078087952,0.0902509828,0.106691716,0.5670636490874775,0.6703638223689772
49.1,0.00077773719,0.0902604364,0.106748771,0.5671230478080975,0.6707223095066783
49.2,0.000774617855,0.0902710262,0.106805472,0.5671895854838636,0.6710785723967807
49.3,0.00077152227,0.090283141,0.106861925,0.5672657050172228,0.6714332770569269
49.4,0.00076845099,0.0902970652,0.106918271,0.5673531933460771,0.6717873094162452
49.5,0.0007654047,0.0903128947,0.106974685,0.567452653027897,0.6721417690321645
49.6,0.000762384115,0.0903305545,0.107031272,0.5675636128237848,0.6724973156391418
49.7,0.00075939012,0.0903498201,0.10708808,0.5676846621586389,0.6728542508300721
49.8,0.000756423575,0.0903704284,0.107145163,0.5678141479264047,0.6732129138969618
49.9,0.000753485195,0.0903920063,0.107202524,0.5679497258706445,0.673573323689367
50.0,0.000750575765,0.0904141851,0.10726014,0.5680890793809354,0.6739353356940254
50.1,0.00074769573,0.0904365797,0.107318143,0.5682297888026157,0.6742997792913978
50.2,0.000744845495,0.0904587706,0.107376724,0.5683692183394488,0.6746678545698777
50.3,0.000742025285,0.0904803622,0.107435922,0.5685048823633272,0.6750398065736921
50.4,0.000739235105,0.0905011412,0.107495723,0.568635440670825,0.6754155473382467
50.5,0.00073647466,0.0905210182,0.107556316,0.5687603315451759,0.6757962643855646
50.6,0.000733743565,0.0905400156,0.107618057,0.5688796957297305,0.6761841945296152
50.7,0.000731041435,0.0905582437,0.107681194,0.5689942262598283,0.6765808960003545
50.8,0.000728367835,0.0905757345,0.107745725,0.5691041241973992,0.6769863562314122
50.9,0.00072572225,0.0905925627,0.107811562,0.5692098588963854,0.677400022302481
51.0,0.000723104335,0.0906086918,0.107878682,0.5693112010205235,0.677821749700299
51.1,0.000720513395,0.0906241413,0.107947097,0.5694082730919268,0.6782516138230896
51.2,0.000717948795,0.0906390476,0.108016507,0.5695019321370711,0.6786877297152609
51.3,0.000715409595,0.0906536782,0.108086629,0.5695938589080264,0.679128319235371
51.4,0.000712894735,0.0906684624,0.10815768,0.5696867507762448,0.6795747458346314
51.5,0.000710403085,0.090683918,0.108229758,0.5697838611750784,0.6800276252652022
51.6,0.0007079335,0.0907005841,0.108302823,0.5698885773697263,0.6804867061996714
51.7,0.00070548517,0.0907189283,0.10837735,0.5700038373776384,0.6809549731510595
51.8,0.000703057515,0.0907393431,0.108453139,0.5701321073490473,0.6814311694823054
51.9,0.00070065024,0.090762076,0.1085294,0.5702749423723169,0.6819103314770162
52.0,0.000698263045,0.0907872662,0.108605794,0.5704332170668418,0.6823903291353729
52.1,0.00069589578,0.0908149124,0.108682294,0.5706069232644813,0.6828709928113721
52.2,0.00069354829,0.0908448778,0.108759015,0.570795201425485,0.6833530450713242
52.3,0.000691220545,0.0908769462,0.108835991,0.5709966931251897,0.6838366995435298
52.4,0.00068891267,0.0909108934,0.108913153,0.5712099896734496,0.6843215226882022
52.5,0.000686625065,0.0909464716,0.108990489,0.5714335340969455,0.6848074391071183
52.6,0.000684358505,0.0909835071,0.109067926,0.5716662350063896,0.6852939901277504
52.7,0.000682113915,0.0910219272,0.109145168,0.57190763561421,0.6857793159272475
52.8,0.0006798926,0.0910617612,0.109221453,0.5721579200177361,0.6862586287184057
52.9,0.00067769568,0.0911030496,0.109296043,0.5724173426859731,0.6867272915104682
53.0,0.00067552431,0.0911458525,0.109368895,0.5726862812383577,0.6871850341264669
53.1,0.00067337955,0.0911901253,0.109440254,0.5729644554448254,0.687633395946802
53.2,0.000671262525,0.0912357105,0.109510171,0.5732508757036903,0.6880726974139241
53.3,0.000669174495,0.0912823178,0.109578636,0.5735437180062576,0.68850287569598
53.4,0.00066711667,0.0913296428,0.109645664,0.5738410697509199,0.6889240250407497
53.5,0.00066509037,0.0913773671,0.109711201,0.5741409303714753,0.6893358061562262
53.6,0.000663096915,0.0914253319,0.109775087,0.5744423020980971,0.6897372137327608
53.7,0.00066113772,0.0914735008,0.109837067,0.57474495622284,0.6901266455580998
53.8,0.00065921378,0.0915219733,0.109896765,0.5750495179226424,0.6905017391545678
53.9,0.000657326095,0.0915709138,0.109953711,0.5753570201531684,0.6908595414250704
54.0,0.00065547529,0.0916204744,0.110007629,0.5756684185869034,0.691198318210463
54.1,0.000653661625,0.0916707811,0.11005864,0.5759845049051961,0.6915188297761675
54.2,0.000651885135,0.0917219043,0.110107177,0.5763057214442922,0.691823796741422
54.3,0.00065014546,0.0917738853,0.110153904,0.5766323276997446,0.6921173911412707
54.4,0.00064844225,0.0918267407,0.110198876,0.5769644279724297,0.6923999585509052
54.5,0.000646774805,0.0918805022,0.110241633,0.5773022214393216,0.6926686087050843
54.6,0.00064514208,0.0919352567,0.11028289,0.5776462541092235,0.6929278340813024
54.7,0.000643542705,0.0919910861,0.110323798,0.5779970405750122,0.6931848666258487
54.8,0.000641975305,0.0920480696,0.11036446,0.5783550784649639,0.6934403535068091
54.9,0.00064043876,0.0921062645,0.110404664,0.5787207278055968,0.693692962688899
55.0,0.000638931715,0.0921657344,0.110444894,0.5790943882074961,0.6939457352338069
55.1,0.000637452905,0.0922264985,0.110486102,0.5794761803078202,0.6942046527339452
55.2,0.00063600137,0.0922885202,0.110528361,0.5798658741419864,0.6944701738618413
55.3,0.000634576285,0.092351679,0.110570661,0.5802627125861656,0.6947359526003349
55.4,0.000633176935,0.0924158281,0.110612407,0.5806657732687543,0.6949982504541684
55.5,0.00063180262,0.092480738,0.110653806,0.5810736141987248,0.6952583680427002
55.6,0.00063045279,0.0925461628,0.110695269,0.58148469034081,0.695518887755092
55.7,0.00062912729,0.0926118742,0.110736802,0.5818975672438041,0.695779847290455
55.8,0.00062782622,0.09267772,0.110778252,0.5823112886069037,0.6960402853214376
55.9,0.000626549905,0.0927436538,0.110819575,0.5827255628903102,0.6962999253878862
56.0,0.00062529858,0.0928097652,0.110860967,0.5831409530674273,0.696559998994121
56.1,0.00062407241,0.0928762167,0.110902845,0.5835584801558673,0.696823126228415
56.2,0.000622871435,0.0929432357,0.110945515,0.5839795729519692,0.6970912297454723
56.3,0.000621695305,0.0930110941,0.110989045,0.5844059398538178,0.6973647368018939
56.4,0.00062054328,0.0930800185,0.111033441,0.5848390046312041,0.6976436850967914
56.5,0.000619414195,0.093150227,0.111079134,0.5852801376468432,0.6979307826830324
56.6,0.00061830628,0.0932218815,0.111127313,0.5857303561484365,0.6982335002679471
56.7,0.000617217255,0.0932951869,0.111178884,0.5861909475606534,0.6985575304174236
56.8,0.00061614445,0.0933702677,0.111234184,0.5866626941400647,0.6989049905649106
56.9,0.000615084785,0.0934472272,0.111294511,0.5871462449397126,0.6992840362849368
57.0,0.000614035155,0.0935260232,0.111359537,0.5876413348091771,0.6996926066927215
57.1,0.000612992335,0.0936066379,0.111427658,0.5881478519077598,0.7001206235590318
57.2,0.000611953025,0.0936889402,0.111498882,0.5886649725098669,0.7005681371493504
57.3,0.00061091396,0.0937728244,0.111573603,0.5891920324828114,0.7010376230386882
57.4,0.00060987214,0.0938581805,0.111651524,0.5897283406762095,0.7015272151210089
57.5,0.000608825115,0.0939448412,0.111731729,0.5902728459131594,0.7020311579985713
57.6,0.000607770675,0.0940327008,0.111813023,0.5908248840609741,0.7025419432649331
57.7,0.00060670708,0.0941215393,0.111894247,0.591383072818886,0.7030522887083235
57.8,0.000605632835,0.0942111437,0.111974827,0.5919460738684247,0.703558587780376
57.9,0.000604546645,0.0943012812,0.112054581,0.5925124244840506,0.7040596969413648
58.0,0.000603447635,0.0943918122,0.112133388,0.5930812475330948,0.7045548559258678
58.1,0.00060233528,0.0944825644,0.112211242,0.593651460422729,0.7050440270347729
58.2,0.00060120931,0.09457344,0.112288161,0.5942224486574301,0.7055273233654158
58.3,0.00060006974,0.0946643389,0.112363997,0.594793583290349,0.7060038150063711
58.4,0.000598916685,0.094755152,0.112438468,0.5953641788259684,0.706471730099382
58.5,0.000597750285,0.0948457993,0.112511386,0.5959337326094639,0.706929887405611
58.6,0.000596570765,0.0949362173,0.112582558,0.5965018456585685,0.7073770742702936
58.7,0.00059537832,0.0950263991,0.11265156,0.5970684746193035,0.7078106266228595
58.8,0.000594173215,0.0951163682,0.112718104,0.5976337671465236,0.7082287349059405
58.9,0.000592955485,0.0952062414,0.112781997,0.5981984571162728,0.7086301864647722
59.0,0.00059172536,0.09529608,0.112842676,0.5987629296878104,0.7090114438660265
59.1,0.00059048291,0.0953860687,0.112899356,0.5993283453654626,0.7093675748092375
59.2,0.00058922819,0.0954762657,0.112951631,0.5998950698306142,0.7096960283211703
59.3,0.000587961045,0.0955667582,0.113000105,0.6004636509770243,0.7100005994457506
59.4,0.000586681475,0.0956575387,0.113045901,0.6010340416808027,0.7102883442000781
59.5,0.00058538951,0.0957486159,0.113089646,0.6016062966056617,0.7105632021413407
59.6,0.000584085595,0.0958399478,0.113130893,0.6021801518578186,0.7108223646857059
59.7,0.000582770325,0.0959314736,0.113168626,0.6027552254196064,0.7110594481169017
59.8,0.00058144413,0.0960231529,0.113202966,0.6033312634503389,0.7112752127003503
59.9,0.000580107235,0.0961148706,0.11323432,0.6039075427553872,0.7114722156924715
60.0,0.000578759905,0.096206486,0.113262368,0.6044831792905785,0.7116484464739673
60.1,0.00057740246,0.0962978286,0.113286628,0.6050571017728181,0.7118008765495195
60.2,0.000576035305,0.096388809,0.113305758,0.6056287484853395,0.7119210738844459
60.3,0.000574658925,0.096479425,0.113321744,0.6061981056051348,0.7120215168847664
60.4,0.00057327368,0.0965697768,0.11333777,0.6067658027073721,0.7121222112124993
60.5,0.00057188055,0.0966600819,0.11335188,0.6073332063848554,0.7122108669571836
60.6,0.000570480595,0.0967505168,0.113362311,0.6079014256197918,0.7122764068631228
60.7,0.000569074475,0.096841294,0.11336995,0.6084717955890586,0.7123244041156843
60.8,0.00056766298,0.0969325482,0.113375308,0.609045162637717,0.7123580694225602
60.9,0.00056624696,0.0970244085,0.113377794,0.6096223379249902,0.7123736894212339
61.0,0.000564827135,0.0971169761,0.113378368,0.610203957309231,0.7123772959696001
61.1,0.000563404315,0.0972102222,0.113375753,0.6107898398347028,0.7123608654400219
61.2,0.00056197898,0.0973041025,0.113369659,0.6113797071562964,0.7123225757087599
61.3,0.000560551265,0.0973985427,0.113361929,0.6119730924333435,0.7122740066863354
61.4,0.00055912125,0.0974933439,0.113353716,0.6125687459402865,0.7122224028854075
61.5,0.000557688905,0.0975882991,0.113344934,0.6131653670577668,0.7121672239520399
61.6,0.000556254145,0.0976831332,0.113336127,0.6137612272815064,0.7121118879390396
61.7,0.0005548169,0.0977775222,0.113326735,0.6143542908594658,0.7120528762626346
61.8,0.00055337714,0.0978711533,0.11331596,0.6149425924112809,0.7119851749409497
61.9,0.00055193482,0.0979637328,0.113304029,0.6155242865654269,0.7119102102570497
62.0,0.00055049009,0.0980550646,0.113291715,0.6160981411892652,0.7118328391131772
62.1,0.000549043325,0.0981449181,0.113278862,0.6166627073802639,0.711752081332424
62.2,0.000547595185,0.0982331165,0.113265928,0.6172168742712606,0.7116708146136609
62.3,0.000546146435,0.0983195211,0.113253309,0.6177597703844533,0.7115915270982696
62.4,0.00054469778,0.0984039966,0.113239923,0.61829054560487,0.7115074203797477
62.5,0.00054324978,0.0984864777,0.113227732,0.61880878964051,0.7114308220676678
62.6,0.00054180336,0.098566838,0.113215985,0.6193137082967506,0.7113570134898645
62.7,0.00054035954,0.0986449298,0.113202754,0.6198043735471217,0.7112738806650651
62.8,0.000538919005,0.0987206693,0.113187837,0.6202802588606948,0.711180154389838
62.9,0.00053748221,0.0987938388,0.113172328,0.6207399963880286,0.7110827084689089
63.0,0.000536049865,0.0988643098,0.113157452,0.6211827787398108,0.7109892398042793
63.1,0.00053462295,0.0989319214,0.113144068,0.6216075949515256,0.710905145652128
63.2,0.0005332028,0.0989964981,0.113131852,0.6220133423241518,0.7108283902604156
63.3,0.000531790665,0.0990580071,0.113119961,0.6223998147692111,0.7107536769039279
63.4,0.000530387735,0.0991164284,0.113108414,0.6227668866229975,0.7106811249631858
63.5,0.000528995095,0.0991718438,0.113097911,0.623115071850069,0.7106151326679044
63.6,0.00052761381,0.099224432,0.113088743,0.62344549325564,0.7105575284250083
63.7,0.00052624491,0.0992743935,0.113080625,0.6237594106183646,0.7105065215266846
63.8,0.0005248894,0.099321935,0.113073163,0.6240581226726459,0.7104596363979224
63.9,0.000523548225,0.0993673339,0.113066141,0.624343372374088,0.7104155158706954
64.0,0.00052222224,0.0994107506,0.113059507,0.6246161675456142,0.7103738332193676
64.1,0.00052091229,0.0994523394,0.113053354,0.6248774776827175,0.7103351727801724
64.2,0.000519619145,0.0994921569,0.113047848,0.6251276584136861,0.7103005775618713
64.3,0.00051834341,0.0995302032,0.113043096,0.6253667103668387,0.7102707198652914
64.4,0.00051708574,0.0995664813,0.11303913,0.625594652391731,0.7102458007523632
64.5,0.00051584657,0.0996010087,0.113036191,0.6258115944441061,0.7102273344707454
64.6,0.00051462621,0.0996338741,0.113034656,0.6260180938425007,0.7102176897812988
64.7,0.00051342482,0.0996651718,0.113034818,0.6262147430912892,0.7102187076573186
64.8,0.000512242525,0.0996949976,0.113037335,0.6264021441196241,0.7102345224347368
64.9,0.00051107952,0.099723382,0.113042264,0.6265804885646572,0.7102654922551159
65.0,0.000509936155,0.0997502769,0.113048983,0.6267494742051753,0.7103077089771949
65.1,0.00050881266,0.0997755055,0.113057769,0.626907990174016,0.7103629130433037
65.2,0.000507709275,0.0997988473,0.113068442,0.6270546510288191,0.7104299734800873
65.3,0.0005066262,0.0998200967,0.113080262,0.6271881649466855,0.7105042407304181
65.4,0.000505563515,0.0998391413,0.113092954,0.6273078256975866,0.7105839869183368
65.5,0.000504521125,0.0998559519,0.113106665,0.6274134498125115,0.7106701356720835
65.6,0.00050349874,0.0998706612,0.113121503,0.6275058710701504,0.7107633655756714
65.7,0.000502495835,0.0998835049,0.113137299,0.6275865704172803,0.7108626147707837
65.8,0.00050151158,0.0998948098,0.113153822,0.6276576011988594,0.7109664318416142
65.9,0.000500545015,0.0999049236,0.113170902,0.6277211480784191,0.7110737486466608
66.0,0.0004995949095,0.0999142417,0.113189294,0.62777969542743,0.7111893089908304
66.1,0.000498660068,0.0999231696,0.113210461,0.6278357910775338,0.7113223051742276
66.2,0.000497739388,0.0999320448,0.113234117,0.6278915556037722,0.7114709402058542
66.3,0.000496831674,0.0999412758,0.113260788,0.6279495556873428,0.711638519041182
66.4,0.000495935665,0.0999512335,0.113291214,0.6280121217616761,0.7118296912373383
66.5,0.000495050017,0.0999622385,0.11332575,0.6280812682159815,0.712046687325107
66.6,0.000494173704,0.0999746306,0.113364359,0.6281591300766267,0.7122892748266318
66.7,0.0004933058405,0.0999887,0.113405958,0.6282475307239875,0.7125506490522253
66.8,0.0004924458725,0.100004714,0.113449333,0.6283481496534966,0.7128231822149241
66.9,0.0004915931795,0.10002287,0.113493832,0.6284622271659338,0.7131027776779084
67.0,0.000490747154,0.100043412,0.11353908,0.6285912963585139,0.7133870792466876
67.1,0.0004899071925,0.100066498,0.113584828,0.6287363499745154,0.7136745224081205
67.2,0.000489072739,0.100092269,0.113630922,0.6288982739430667,0.7139641395516696
67.3,0.000488243399,0.10012084,0.113677257,0.6290777908304782,0.7142552709428778
67.4,0.0004874187935,0.10015231,0.113724464,0.6292755226720951,0.7145518812716738
67.5,0.0004865987955,0.100186741,0.113773424,0.6294918590254066,0.7148595060243133
67.6,0.00048578346,0.100224179,0.113824258,0.6297270889169369,0.7151789054662184
67.7,0.000484973054,0.100264621,0.113876643,0.6299811934971298,0.715508050128535
67.8,0.000484167901,0.100308129,0.113930301,0.6302545623234745,0.7158451932857477
67.9,0.0004833684025,0.100354659,0.113985029,0.6305469189358176,0.716189059451239
68.0,0.0004825748835,0.100404237,0.114040589,0.6308584266969769,0.716538153226906
68.1,0.000481787639,0.100456786,0.114096795,0.631188601801684,0.7168913059402813
68.2,0.0004810068845,0.100512247,0.114154184,0.6315370735420054,0.7172518916618751
68.3,0.000480232818,0.100570525,0.114214055,0.6319032450153372,0.7176280722494012
68.4,0.0004794657815,0.100631496,0.114276986,0.6322863371067013,0.7180234793839673
68.5,0.000478706366,0.100695074,0.114341961,0.6326858094621611,0.7184317293493013
68.6,0.000477955092,0.100761062,0.114407768,0.6331004242942113,0.7188452069248109
68.7,0.0004772125545,0.100829306,0.114473963,0.6335292139923144,0.7192611223762195
68.8,0.000476479262,0.100899584,0.114540334,0.6339707836893325,0.7196781436682423
68.9,0.0004757557695,0.100971728,0.114606504,0.6344240778101337,0.7200939020400184
69.0,0.0004750424915,0.10104552,0.114672187,0.634887726620321,0.7205066005005499
69.1,0.0004743398925,0.101120755,0.114737212,0.6353604420669067,0.7209151646251494
69.2,0.0004736482755,0.101197213,0.114801543,0.6358408418491229,0.7213193682191456
69.3,0.000472968002,0.101274676,0.114865224,0.636327556232573,0.721719487742692
69.4,0.000472299263,0.101352921,0.114928465,0.6368191840669333,0.7221168426647033
69.5,0.0004716423575,0.101431726,0.114991685,0.6373143304850656,0.7225140656398232
69.6,0.000470997544,0.101510886,0.115055426,0.637811707433982,0.7229145621544881
69.7,0.0004703651215,0.101590234,0.115119823,0.6383102656217361,0.7233191804387146
69.8,0.0004697454415,0.10166956,0.11518444,0.6388086855794134,0.7237251810237086
69.9,0.0004691388565,0.101748725,0.115248733,0.6393060939442562,0.7241291458566631
70.0,0.000468545707,0.101827546,0.115312365,0.6398013408933535,0.7245289575041296
70.1,0.00046796621,0.101905892,0.115375144,0.6402936033294298,0.724923409594529
70.2,0.0004674005905,0.101983645,0.115436841,0.6407821398366189,0.7253110632784261
70.3,0.000466849014,0.102060736,0.115497017,0.6412665168751347,0.7256891602374709
70.4,0.000466311554,0.102137067,0.115554916,0.641746118692817,0.7260529503835712
70.5,0.0004657882235,0.102212633,0.11561018,0.6422209138737393,0.7264001843363873
70.6,0.0004652790295,0.102287432,0.115663248,0.642690889851531,0.7267336204142686
70.7,0.000464783911,0.102361517,0.115714421,0.6431563796350135,0.727055149855993
70.8,0.0004643025995,0.102434975,0.115763867,0.6436179298613082,0.7273658282366918
70.9,0.0004638346885,0.102507875,0.11581176,0.6440759740702016,0.7276667488306086
71.0,0.0004633796245,0.102580344,0.115857547,0.6445313102262277,0.7279544370362684
71.1,0.0004629368535,0.102652495,0.115900936,0.6449846483293259,0.7282270581635616
71.2,0.000462505829,0.10272443,0.115941708,0.6454366292643979,0.728483236194906
71.3,0.000462085991,0.102796273,0.115979658,0.6458880321464215,0.7287216830773133
71.4,0.0004616767105,0.102868127,0.116017955,0.6463395041434837,0.7289623102250224
71.5,0.0004612776645,0.102940095,0.11605764,0.6467916924236707,0.7292116584339379
71.6,0.000460888744,0.10301221,0.116095025,0.6472448043320981,0.7294465553166468
71.7,0.0004605096875,0.103084577,0.116132737,0.6476994996032227,0.7296835068009511
71.8,0.00046014034,0.103157186,0.116173063,0.6481557154051917,0.7299368825316483
71.9,0.000459780841,0.103230043,0.116212455,0.6486134894371168,0.7301843897672688
72.0,0.000459431016,0.103303197,0.116249923,0.6490731295750783,0.7304198081543583
72.1,0.0004590904205,0.103376631,0.116287714,0.6495345290049257,0.7306572560103018
72.2,0.0004587587555,0.103450347,0.116328963,0.6499977002930297,0.7309164311210377
72.3,0.000458436201,0.10352435,0.1163745,0.6504626748553171,0.7312025485303708
72.4,0.00045812332,0.103598604,0.116422125,0.6509292264971163,0.7315017852306251
72.5,0.0004578207435,0.103673173,0.116469351,0.6513977573422873,0.7317985149399421
72.6,0.0004575290345,0.103747995,0.116515333,0.6518678778333411,0.7320874283667368
72.7,0.000457248688,0.103823167,0.116560758,0.6523401974392524,0.7323728420593154
72.8,0.0004569802215,0.103898644,0.116606081,0.6528144334166824,0.7326576148669928
72.9,0.000456724345,0.103974408,0.116650648,0.6532904726682957,0.7329376375865777
73.0,0.000456481774,0.104050471,0.116693372,0.6537683905923156,0.7332060803956417
73.1,0.000456253187,0.104126781,0.11673361,0.6542478604631066,0.733458903206032
73.2,0.0004560392125,0.104203266,0.116771366,0.6547284298913262,0.7336961311504899
73.3,0.0004558404365,0.104279865,0.116806994,0.6552097156026708,0.7339199884766141
73.4,0.0004556574805,0.104356449,0.116840898,0.6556909070662359,0.7341330135912687
73.5,0.000455490874,0.104432918,0.116873354,0.6561713759634905,0.7343369406535986
73.6,0.0004553412455,0.104509104,0.116904363,0.6566500667193034,0.7345317759467889
73.7,0.000455209133,0.104584832,0.116933709,0.6571258797762455,0.7347161623028133
73.8,0.0004550950145,0.104659909,0.116961101,0.6575976024795526,0.7348882713147475
73.9,0.000454999218,0.104734166,0.116986417,0.6580641729709078,0.7350473364339841
74.0,0.0004549219535,0.104807459,0.117009883,0.6585246864716269,0.7351947776604024
74.1,0.0004548633005,0.10487965,0.117031897,0.6589782759021375,0.7353330957017546
74.2,0.000454823216,0.104950643,0.117052677,0.65942433807665,0.7354636602924378
74.3,0.0004548015315,0.105020415,0.117072083,0.6598627284819026,0.735585591786509
74.4,0.0004547979685,0.105088996,0.117089897,0.6602936356134543,0.7356975204495712
74.5,0.0004548121155,0.105156399,0.117106242,0.6607171411527141,0.735800219113417
74.6,0.000454843456,0.105222763,0.117121657,0.6611341184624397,0.7358970744149271
74.7,0.0004548913505,0.105288221,0.117136669,0.6615454032062772,0.7359913975927586
74.8,0.0004549550095,0.105353006,0.117151499,0.6619524593664028,0.7360845772308641
74.9,0.00045503355,0.105417323,0.1171663,0.6623565749958046,0.7361775746565956
75.0,0.0004551259175,0.105481431,0.117181106,0.6627593774394773,0.7362706034982536
75.1,0.0004552308275,0.105545542,0.117195333,0.663162198732706,0.7363599943756189
75.2,0.0004553469165,0.10560987,0.117209034,0.6635663834771461,0.7364460802975126
75.3,0.0004554728115,0.10567455,0.117223088,0.6639727799028146,0.7365343841838197
75.4,0.000455607491,0.105739693,0.117237493,0.6643820854432801,0.7366248934681696
75.5,0.000455750025,0.105805378,0.117252208,0.6647947964701822,0.7367173505399647
75.6,0.0004558996755,0.105871599,0.117267962,0.6652108752844089,0.736816335841294
75.7,0.000456055774,0.105938379,0.117285005,0.6656304663992224,0.7369234201684843
75.8,0.0004562179605,0.106005679,0.11730206,0.6660533247703957,0.7370305798938983
75.9,0.000456385954,0.106073517,0.117318652,0.666479563495264,0.737134830504515
76.0,0.0004565595905,0.106141853,0.11733373,0.6669089312464155,0.7372295683725766
76.1,0.000456738673,0.106210736,0.11734632,0.66734173589993,0.737308673675594
76.2,0.0004569227595,0.106280159,0.11735751,0.6677779334735102,0.7373789825191813
76.3,0.000457111259,0.106350233,0.117368805,0.6682182214007256,0.737449951097226
76.4,0.000457303843,0.106420967,0.117380392,0.6686626562302437,0.7375227543653803
76.5,0.000457500361,0.106492435,0.117392388,0.6691117029177771,0.7375981274563251
76.6,0.0004577008425,0.106564619,0.117405182,0.6695652483659905,0.7376785145291452
76.7,0.0004579054425,0.106637461,0.117417086,0.6700229281501362,0.7377533095670419
76.8,0.00045811417,0.106710888,0.117426621,0.6704842835976864,0.7378132197389459
76.9,0.0004583271825,0.106784717,0.117433451,0.6709481648857302,0.7378561338945938
77.0,0.000458544517,0.106858795,0.117437504,0.6714136106869155,0.7378815996446438
77.1,0.0004587663315,0.106932915,0.117439684,0.6718793203818836,0.7378952969886136
77.2,0.00045899282,0.107006936,0.117440129,0.6723444080415063,0.7378980930060752
77.3,0.00045922448,0.107080682,0.117437382,0.6728077678251696,0.7378808330960365
77.4,0.000459461574,0.107154078,0.117431181,0.6732689284939753,0.7378418710639466
77.5,0.0004597042675,0.107227133,0.117423456,0.6737279465965914,0.7377933334574486
77.6,0.000459952718,0.10729988,0.117415037,0.6741850294781327,0.7377404353203475
77.7,0.000460207178,0.107372476,0.117404863,0.6746411635986928,0.7376765101930323
77.8,0.000460467725,0.107445128,0.117393253,0.67509764957763,0.737603562411616
77.9,0.0004607343245,0.107518012,0.117382194,0.6755555932555584,0.7375340766653038
78.0,0.0004610069735,0.10759133,0.117372085,0.6760162638359102,0.7374705599450335
78.1,0.000461285734,0.107665183,0.117362003,0.6764802959204014,0.7374072128707666
78.2,0.000461570635,0.107739588,0.117352302,0.676947796323182,0.7373462596901016
78.3,0.0004618616905,0.107814585,0.117343602,0.6774190163716647,0.7372915959779291
78.4,0.000462159128,0.10789008,0.117335319,0.6778933654464301,0.7372395523540297
78.5,0.0004624631645,0.10796598,0.117326772,0.678370259211245,0.7371858499692092
78.6,0.0004627738915,0.108042195,0.117317884,0.6788491321794318,0.737130005018199
78.7,0.000463091471,0.108118633,0.117308768,0.679329406297942,0.7370727275009388
78.8,0.000463415964,0.108195248,0.117299338,0.6798107925402515,0.7370134770634922
78.9,0.000463747465,0.108272014,0.117289476,0.6802931275435424,0.7369515122899928
79.0,0.000464086078,0.108348938,0.11727931,0.680776455290112,0.7368876374281599
79.1,0.000464431878,0.108426137,0.117269178,0.681261510912641,0.7368239761946276
79.2,0.0004647850685,0.108503646,0.117259287,0.6817485143226151,0.7367618292087543
79.3,0.000465145921,0.108581547,0.117249687,0.6822379807412297,0.7367015106298054
79.4,0.0004655147585,0.108659859,0.117240338,0.6827300295490055,0.7366427691303685
79.5,0.0004658919345,0.108738566,0.117231183,0.6832245602149777,0.7365852465688814
79.6,0.000466277757,0.10881763,0.117222242,0.6837213339781045,0.7365290686090499
79.7,0.0004666725965,0.10889696,0.117213667,0.6842197790685232,0.7364751902950407
79.8,0.000467076717,0.108976458,0.117205739,0.6847192797340733,0.7364253772019255
79.9,0.0004674904825,0.109056064,0.117198743,0.6852194589836366,0.7363814200375164
80.0,0.000467914149,0.109135737,0.11719292,0.6857200592066155,0.7363448330494727
80.1,0.000468348019,0.109215411,0.117188469,0.6862206657127797,0.7363168665916704
80.2,0.0004687923945,0.109295043,0.117185532,0.686721008325161,0.7362984128764232
80.3,0.000469247545,0.109374596,0.117184247,0.6872208545659032,0.7362903389833035
80.4,0.00046971391,0.109454043,0.117184715,0.6877200347890027,0.7362932795140272
80.5,0.0004701918025,0.109533413,0.117187079,0.6882187312068334,0.7363081329640935
80.6,0.0004706816745,0.109612663,0.117191439,0.6887166736424275,0.7363355276520327
80.7,0.000471183984,0.109691784,0.117197842,0.6892138055471169,0.7363757588875546
80.8,0.0004716991655,0.10977072,0.117206292,0.6897097750625244,0.7364288518034003
80.9,0.000472227784,0.109849417,0.117216809,0.6902042428966435,0.7364949320632759
81.0,0.000472770321,0.109927846,0.117229423,0.6906970268371002,0.7365741881627407
81.1,0.000473327226,0.110005974,0.117244088,0.6911879195387797,0.7366663310752705
81.2,0.000473899093,0.110083772,0.117260729,0.6916767387893075,0.7367708895619671
81.3,0.0004744864655,0.110161274,0.117279399,0.6921636982169845,0.7368881966316523
81.4,0.000475089875,0.110238527,0.117300283,0.6926490931315201,0.7370194146736074
81.5,0.00047570983,0.110315562,0.117323555,0.6931331183116587,0.737165636962076
81.6,0.0004763468495,0.110392458,0.117349213,0.6936162701290396,0.7373268509306876
81.7,0.000477001455,0.110469283,0.117377108,0.6940989758402637,0.7375021203848314
81.8,0.000477674173,0.110546087,0.117407068,0.6945815496045963,0.7376903646166346
81.9,0.000478365407,0.110622977,0.117439024,0.6950646637228652,0.7378911500863108
82.0,0.0004790755625,0.11070002,0.117472953,0.6955487391684864,0.7381043322805981
82.1,0.000479804989,0.110777263,0.117508782,0.6960340712511688,0.738329452526969
82.2,0.0004805539875,0.110854759,0.117546347,0.696520992979734,0.7385654803830332
82.3,0.00048132273,0.11093255,0.117585476,0.6970097682479648,0.7388113351409178
82.4,0.000482111336,0.111010628,0.11762607,0.6975003467903788,0.7390663947652775
82.5,0.000482919816,0.111089006,0.117668176,0.6979928102883849,0.7393309545658217
82.6,0.000483748167,0.111167629,0.117711939,0.6984868131667913,0.7396059256044197
82.7,0.000484596223,0.111246496,0.117757542,0.6989823491424126,0.739892457703983
82.8,0.000485463802,0.111325583,0.117805051,0.6994792674188015,0.7401909655547417
82.9,0.000486350596,0.111404862,0.117854356,0.6999773920667693,0.7405007580063123
83.0,0.0004872563105,0.111484297,0.117905176,0.7004764968916452,0.7408200694836232
83.1,0.0004881805695,0.111563859,0.117957171,0.7009763996810551,0.7411467637036699
83.2,0.000489122824,0.111643544,0.118010026,0.7014770753022577,0.741478861463081
83.3,0.000490082557,0.111723281,0.118063417,0.7019780776490961,0.7418143270098166
83.4,0.0004910590735,0.111803088,0.118117041,0.7024795198189063,0.7421512565387288
83.5,0.000492051646,0.111882937,0.118170646,0.7029812258824993,0.7424880666871202
83.6,0.0004930594315,0.111962785,0.118224205,0.7034829256629069,0.7428245878089874
83.7,0.0004940816045,0.112042609,0.118277821,0.7039844746468673,0.7431614670724171
83.8,0.000495117322,0.112122397,0.118331545,0.7044857974361565,0.74349902491986
83.9,0.0004961657985,0.112202124,0.118385194,0.704986736951142,0.7438361115284049
84.0,0.0004972262635,0.11228178,0.118438399,0.7054872303599707,0.7441704084026733
84.1,0.0004982980015,0.112361345,0.118490717,0.7059871519989365,0.7444991320915744
84.2,0.0004993803065,0.112440875,0.11854175,0.7064868537264164,0.7448197818873558
84.3,0.000500472505,0.11252037,0.118591217,0.7069863355424106,0.7451305922149459
84.4,0.000501574105,0.112599864,0.118638931,0.7074858110752196,0.7454303881186928
84.5,0.000502684505,0.112679448,0.118684861,0.7079858520947062,0.7457189748198515
84.6,0.000503803285,0.112759124,0.118729092,0.7084864711672411,0.7459968863891733
84.7,0.00050492991,0.112838979,0.118771794,0.7089882149299459,0.7462651909681606
84.8,0.00050606403,0.112919038,0.118813025,0.7094912404624534,0.7465242529815609
84.9,0.00050720536,0.112999331,0.118852756,0.7099957362603228,0.7467738902170005
85.0,0.00050835353,0.113079877,0.118891064,0.7105018217040748,0.7470145864797478
85.1,0.000509508315,0.113160684,0.118928139,0.7110095470591921,0.7472475355750116
85.2,0.000510669475,0.113241806,0.118964186,0.7115192516176811,0.7474740255557795
85.3,0.000511836795,0.113323269,0.118999335,0.7120310987423599,0.7476948732361415
85.4,0.00051301014,0.113405031,0.119033772,0.7125448245394456,0.7479112472885648
85.5,0.000514189405,0.113487111,0.119067774,0.7130605483894588,0.7481248881553796
85.6,0.000515374525,0.113569527,0.119101587,0.7135783833897353,0.7483373415001712
85.7,0.000516565385,0.113652225,0.11913541,0.7140979902482685,0.7485498576768159
85.8,0.00051776205,0.113735069,0.1191694,0.7146185144518564,0.748763423145407
85.9,0.00051896452,0.113817966,0.119203682,0.7151393716642658,0.7489788233041077
86.0,0.00052017277,0.113900774,0.119238306,0.7156596696731826,0.7491963723121835
86.1,0.000521386895,0.113983327,0.119273223,0.7161783654698461,0.7494157622935542
86.2,0.000522607035,0.114065545,0.119308373,0.7166949563994319,0.7496366162571017
86.3,0.00052383329,0.114147263,0.119343661,0.717208405736364,0.7498583373002214
86.4,0.000525065785,0.114228376,0.119378975,0.7177180537461854,0.7500802217061592
86.5,0.00052630474,0.114308762,0.119414158,0.7182231338802881,0.7503012830148217
86.6,0.00052755024,0.11438835,0.119449083,0.718723200032516,0.7505207232616748
86.7,0.000528802475,0.114467013,0.119483585,0.7192174542383347,0.7507375057211432
86.8,0.000530061595,0.114544694,0.119517522,0.7197055383561817,0.750950738180913
86.9,0.00053132763,0.114621307,0.119550781,0.7201869120321207,0.7511597106410444
87.0,0.00053260076,0.114696795,0.119583223,0.7206612171245891,0.75136354973878
87.1,0.00053388092,0.114771217,0.11961479,0.7211288243415199,0.7515618910493717
87.2,0.000535168295,0.114844512,0.119645389,0.7215893504086096,0.7517541502365861
87.3,0.0005364628,0.114916679,0.119675009,0.7220427890426728,0.7519402581853848
87.4,0.000537764415,0.114987696,0.119703655,0.7224890020136329,0.7521202463116943
87.5,0.000539073175,0.115057564,0.119731341,0.7229279956046749,0.7522942025801088
87.6,0.000540388915,0.115126319,0.119758125,0.7233599960104701,0.7524624914153764
87.7,0.00054171168,0.115193986,0.119784054,0.723785160310651,0.7526254081272061
87.8,0.000543041365,0.11526058,0.119809182,0.7242035827529972,0.752783292007605
87.9,0.000544377815,0.115326096,0.119833567,0.7246152319215825,0.7529365074813206
88.0,0.000545720895,0.115390537,0.11985727,0.7250201266659624,0.7530854378226566
88.1,0.00054707054,0.115453882,0.119880321,0.7254181350392457,0.7532302715271724
88.2,0.00054842653,0.115516182,0.119902769,0.725809577483883,0.753371316470948
88.3,0.00054978879,0.115577411,0.119924636,0.7261942906370563,0.75350871088406
88.4,0.000551157175,0.115637555,0.119945966,0.7265721865341713,0.7536427312266623
88.5,0.0005525315,0.115696664,0.11996683,0.7269435793344934,0.7537738236049112
88.6,0.00055391162,0.115754739,0.119987308,0.7273084753212078,0.7539024906736316
88.7,0.000555297515,0.115811794,0.120007442,0.7276669624589089,0.7540289963266064
88.8,0.00055668918,0.115867759,0.12002724,0.7280186009246252,0.7541533908293179
88.9,0.00055808656,0.115922678,0.120046703,0.7283636671785103,0.7542756804649516
89.0,0.00055948969,0.115976605,0.120065819,0.7287025005125705,0.7543957898352837
89.1,0.00056089854,0.116029544,0.120084551,0.7290351260595473,0.7545134864624576
89.2,0.000562313205,0.116081547,0.120102889,0.7293618705450765,0.7546287075146207
89.3,0.0005637338,0.116132677,0.120120839,0.7296831298098327,0.7547414906908846
89.4,0.00056516047,0.116183069,0.120138413,0.729999752083832,0.7548519113894729
89.5,0.000566593325,0.116232778,0.120155622,0.7303120829422666,0.7549600387254243
89.6,0.000568032625,0.116281815,0.120172468,0.7306201915001748,0.755065885265109
89.7,0.0005694786,0.116330317,0.120188966,0.7309249385539437,0.7551695452563069
89.8,0.000570931535,0.116378298,0.12020511,0.7312264120681674,0.755270980999906
89.9,0.000572391655,0.116425813,0.120220895,0.731524957618038,0.7553701610799798
90.0,0.000573859425,0.116472942,0.120236264,0.7318210778583801,0.7554667273549658
90.1,0.000575335015,0.116519802,0.120251225,0.7321155079218746,0.7555607300903465
90.2,0.000576818835,0.116566482,0.120265752,0.7324088070120137,0.755652005923304
90.3,0.00057831121,0.116613059,0.120279785,0.7327014589340662,0.7557401778627196
90.4,0.00057981242,0.116659655,0.120293215,0.7329942302366396,0.755824561041395
90.5,0.00058132281,0.116706417,0.120305947,0.7332880445479739,0.755904558556726
90.6,0.00058284275,0.116753354,0.120318003,0.733582958416737,0.7559803086387894
90.7,0.000584372465,0.116800457,0.120329395,0.7338789152942611,0.7560518866858088
90.8,0.00058591234,0.116847718,0.120340041,0.7341758649150637,0.756118777476589
90.9,0.00058746254,0.116895126,0.120349975,0.7344737381641064,0.7561811946394306
91.0,0.000589023365,0.116942567,0.120359388,0.7347718187582644,0.756240338262727
91.1,0.00059059503,0.116990006,0.120368412,0.7350698867860516,0.7562970377269389
91.2,0.00059217777,0.117037366,0.12037692,0.7353674584421996,0.7563504950675325
91.3,0.00059377191,0.117084607,0.120384845,0.735664282399296,0.7564002893110919
91.4,0.000595377535,0.117131679,0.120392234,0.7359600444980757,0.7564467157673266
91.5,0.000596994855,0.11717854,0.120399068,0.7362544808447554,0.7564896550557159
91.6,0.00059862403,0.117225228,0.120405307,0.7365478302003771,0.7565288558488474
91.7,0.000600265195,0.117271735,0.12041092,0.7368400422994581,0.7565641233679766
91.8,0.000601918545,0.117318008,0.120415923,0.7371307841331771,0.7565955581440683
91.9,0.000603584165,0.117364101,0.120420367,0.737420394993541,0.7566234806195735
92.0,0.00060526211,0.117410037,0.120424241,0.7377090193938115,0.7566478216794535
92.1,0.00060695262,0.117455804,0.12042748,0.7379965819357652,0.7566681729166636
92.2,0.00060865566,0.117501479,0.120430075,0.7382835664246707,0.7566844777825356
92.3,0.00061037141,0.117547143,0.120432023,0.7385704817985378,0.756696717427514
92.4,0.0006121,0.117592869,0.120433324,0.7388577867298939,0.7567048918515986
92.5,0.000613841505,0.117638755,0.120434012,0.7391460969708991,0.7567092146830899
92.6,0.000615596,0.117684989,0.120434154,0.7394365937603913,0.7567101068954036
92.7,0.00061736359,0.117731672,0.12043379,0.7397299117000863,0.7567078198159518
92.8,0.00061914459,0.117778969,0.120432919,0.7400270875155599,0.7567023471615493
92.9,0.000620939025,0.117826971,0.120431535,0.7403286929766753,0.7566936512330841
93.0,0.000622746985,0.117875829,0.120429592,0.7406356768444133,0.7566814430040323
93.1,0.000624568685,0.117925633,0.120427038,0.7409486046054522,0.7566653957487577
93.2,0.000626404165,0.117976492,0.120423853,0.74126816112699,0.7566453838035543
93.3,0.00062825343,0.118028467,0.120420019,0.7415947296833306,0.7566212940710866
93.4,0.00063011666,0.118081688,0.120415512,0.7419291270885641,0.7565929757549071
93.5,0.000631993835,0.118136221,0.120410343,0.7422717680329205,0.7565604979700543
93.6,0.00063388497,0.118192124,0.120404487,0.7426230169411477,0.7565237036368955
93.7,0.00063578998,0.118249477,0.120397914,0.7429833764680704,0.7564824042598713
93.8,0.00063770869,0.11830835,0.12039059,0.74335328643666,0.7564363862106817
93.9,0.000639640975,0.118368789,0.120382434,0.7437330358734406,0.7563851405513162
94.0,0.000641586465,0.118430829,0.120373391,0.7441228446898981,0.7563283217065834
94.1,0.000643544885,0.118494545,0.120363347,0.7445231841249303,0.7562652133933581
94.2,0.000645515815,0.11855989,0.12035216,0.744933758868828,0.7561949233993267
94.3,0.000647498785,0.118626904,0.120339661,0.7453548202490033,0.7561163898661722
94.4,0.00064949333,0.118695464,0.120325637,0.7457855954336635,0.7560282744754244
94.5,0.00065149884,0.118765552,0.120310233,0.7462259713254731,0.7559314882889526
94.6,0.00065351468,0.118837072,0.120293816,0.7466753447386426,0.7558283372357646
94.7,0.000655540315,0.118909889,0.12027622,0.7471328674431555,0.7557177783070995
94.8,0.000657575265,0.118983829,0.120256431,0.7475974461647683,0.7555934403530556
94.9,0.000659618825,0.119058737,0.120234923,0.7480681070097586,0.7554583016034688
95.0,0.000661670405,0.119134448,0.120213798,0.7485438132525505,0.7553255693138547
95.1,0.000663729605,0.119210642,0.120193114,0.7490225542738457,0.755195607908961
95.2,0.000665796165,0.119287163,0.120170826,0.7495033498967364,0.7550555682748346
95.3,0.000667869515,0.119363793,0.120148486,0.7499848303868255,0.7549152019150722
95.4,0.00066994932,0.119440224,0.120128106,0.7504650605230385,0.7547871505985119
95.5,0.00067203537,0.119516269,0.120108617,0.750942865349723,0.7546646976000603
95.6,0.00067412741,0.119591634,0.120089362,0.7514163976103987,0.7545437148669706
95.7,0.00067622523,0.119666171,0.120070862,0.7518847273936399,0.7544274759387877
95.8,0.000678328665,0.119739652,0.120054265,0.7523464221331968,0.7543231939122444
95.9,0.00068043766,0.119811952,0.120039338,0.7528006964309059,0.7542294048051641
96.0,0.00068255237,0.119882896,0.120024927,0.7532464507293384,0.7541388578217024
96.1,0.000684673055,0.119952347,0.120010277,0.7536828242321073,0.7540468091569522
96.2,0.000686799755,0.120020357,0.119995188,0.7541101436648485,0.7539520021738522
96.3,0.00068893256,0.120086871,0.119979715,0.7545280634523703,0.7538547824475942
96.4,0.000691071505,0.120152021,0.119964236,0.7549374129751331,0.7537575250222244
96.5,0.00069321689,0.12021595,0.119949315,0.7553390907286358,0.753663773614256
96.6,0.000695368915,0.120278883,0.119935439,0.7557345104295725,0.7535765881349336
96.7,0.000697527745,0.120341106,0.119922635,0.7561254690689412,0.7534961382302604
96.8,0.0006996937,0.120402791,0.119910436,0.7565130473546144,0.7534194896526981
96.9,0.00070186682,0.12046423,0.119898425,0.7568990799767024,0.7533440223139736
97.0,0.000704047575,0.120525545,0.119886486,0.7572843334838121,0.7532690073645911
97.1,0.000706236035,0.120586871,0.119874635,0.7576696561059602,0.7531945453355158
97.2,0.00070843249,0.120648291,0.11986272,0.7580555693475272,0.7531196811825808
97.3,0.00071063728,0.120709771,0.119850554,0.7584418595802125,0.7530432399501336
97.4,0.00071285065,0.120771291,0.11983814,0.7588284011403102,0.7529652404877303
97.5,0.00071507275,0.120832761,0.119825646,0.7592146285411425,0.7528867383705024
97.6,0.000717303795,0.12089402,0.119813342,0.759599530189875,0.7528094300584829
97.7,0.000719543835,0.120954859,0.119801503,0.7599817929007785,0.7527350434276311
97.8,0.000721792955,0.121015265,0.119790386,0.760361334992444,0.7526651932565712
97.9,0.000724051175,0.121075085,0.119780158,0.7607371951375195,0.7526009288372494
98.0,0.00072631839,0.121134272,0.119770907,0.7611090780262956,0.7525428030899727
98.1,0.00072859454,0.121192973,0.119762616,0.7614779072870123,0.7524907092005908
98.2,0.000730879445,0.121251347,0.119755204,0.7618446819461335,0.752444138231094
98.3,0.000733172855,0.121309475,0.119748513,0.7622099109416693,0.7524020974382036
98.4,0.00073547446,0.121367579,0.119742406,0.7625749891407577,0.7523637260255327
98.5,0.00073778389,0.121425955,0.119736853,0.7629417763662496,0.7523288354975219
98.6,0.000740100585,0.121484791,0.119731877,0.7633114538569828,0.7522975703674334
98.7,0.00074242417,0.121544253,0.119727473,0.7636850646217184,0.7522698992193406
98.8,0.00074475396,0.121604465,0.119723559,0.7640633877754343,0.7522453068320483
98.9,0.00074708943,0.121665499,0.119719983,0.7644468757074726,0.7522228381613899
99.0,0.000749430035,0.121727308,0.119716639,0.7648352331081242,0.7522018271897226
99.1,0.00075177507,0.121789876,0.11971353,0.7652283594464238,0.7521822927666026
99.2,0.000754123935,0.12185308,0.119710603,0.7656254818905787,0.7521639018832085
99.3,0.000756475895,0.121916893,0.119707872,0.7660264307945858,0.7521467425041346
99.4,0.00075883029,0.121981322,0.119705448,0.7664312501407421,0.75213151206295
99.5,0.00076118665,0.122046419,0.11970351,0.7668402666546835,0.7521193352498247
99.6,0.000763544165,0.122112206,0.119702142,0.7672536185664869,0.7521107398523245
99.7,0.00076590229,0.122178694,0.119701301,0.7676713749911906,0.7521054556934811
99.8,0.000768260405,0.122245977,0.119701116,0.7680941265482136,0.7521042933041993
99.9,0.000770618065,0.12231395,0.11970174,0.7685212135030985,0.7521082140118309
100.0,0.000772974735,0.122382571,0.119703286,0.7689523719620625,0.7521179278163159
